-- phpMyAdmin SQL Dump
-- version 5.0.2
-- https://www.phpmyadmin.net/
--
-- Host: localhost
-- Generation Time: Jun 19, 2022 at 02:33 AM
-- Server version: 10.4.13-MariaDB
-- PHP Version: 7.4.8

SET SQL_MODE = "NO_AUTO_VALUE_ON_ZERO";
START TRANSACTION;
SET time_zone = "+00:00";


/*!40101 SET @OLD_CHARACTER_SET_CLIENT=@@CHARACTER_SET_CLIENT */;
/*!40101 SET @OLD_CHARACTER_SET_RESULTS=@@CHARACTER_SET_RESULTS */;
/*!40101 SET @OLD_COLLATION_CONNECTION=@@COLLATION_CONNECTION */;
/*!40101 SET NAMES utf8mb4 */;

--
-- Database: `fidelity_software`
--

-- --------------------------------------------------------

--
-- Table structure for table `admin`
--

CREATE TABLE `admin` (
  `id` int(10) NOT NULL,
  `username` varchar(255) NOT NULL,
  `password` varchar(255) NOT NULL,
  `level` int(11) NOT NULL DEFAULT 1
) ENGINE=InnoDB DEFAULT CHARSET=utf8mb4;

--
-- Dumping data for table `admin`
--

INSERT INTO `admin` (`id`, `username`, `password`, `level`) VALUES
(1, 'admin', 'mordear', 1);

-- --------------------------------------------------------

--
-- Table structure for table `arabic_class`
--

CREATE TABLE `arabic_class` (
  `id` int(10) NOT NULL,
  `class` varchar(255) NOT NULL
) ENGINE=InnoDB DEFAULT CHARSET=utf8mb4;

--
-- Dumping data for table `arabic_class`
--

INSERT INTO `arabic_class` (`id`, `class`) VALUES
(1, 'المدرسة الإعدادية الأولى'),
(2, '(JSS 1) المدرسة الإعدادية الأولى');

-- --------------------------------------------------------

--
-- Table structure for table `arabic_result`
--

CREATE TABLE `arabic_result` (
  `id` int(11) NOT NULL,
  `student_id` int(11) NOT NULL,
  `subject` int(11) NOT NULL,
  `term` int(11) NOT NULL,
  `class` int(11) NOT NULL,
  `session` int(11) NOT NULL,
  `first` int(11) NOT NULL,
  `second` int(11) NOT NULL,
  `exam` int(11) NOT NULL,
  `teacher` int(11) NOT NULL
) ENGINE=InnoDB DEFAULT CHARSET=utf8mb4;

--
-- Dumping data for table `arabic_result`
--

INSERT INTO `arabic_result` (`id`, `student_id`, `subject`, `term`, `class`, `session`, `first`, `second`, `exam`, `teacher`) VALUES
(5, 495, 2, 2, 1, 1, 12, 19, 44, 501),
(6, 495, 3, 2, 1, 1, 12, 15, 54, 501),
(7, 495, 4, 2, 1, 1, 0, 0, 0, 501),
(8, 495, 5, 2, 1, 1, 0, 0, 0, 0),
(9, 495, 6, 2, 1, 1, 0, 0, 0, 0),
(10, 495, 7, 2, 1, 1, 20, 20, 60, 0),
(11, 495, 8, 2, 1, 1, 12, 12, 33, 0),
(13, 14, 1, 2, 1, 1, 12, 19, 60, 501),
(14, 13, 3, 1, 1, 1, 10, 13, 23, 501),
(15, 14, 3, 1, 1, 1, 12, 3, 12, 501),
(18, 15, 3, 1, 1, 1, 12, 13, 45, 13);

-- --------------------------------------------------------

--
-- Table structure for table `arabic_subjects`
--

CREATE TABLE `arabic_subjects` (
  `id` int(11) NOT NULL,
  `subject` varchar(255) NOT NULL
) ENGINE=InnoDB DEFAULT CHARSET=utf8mb4;

--
-- Dumping data for table `arabic_subjects`
--

INSERT INTO `arabic_subjects` (`id`, `subject`) VALUES
(1, 'الكرم القرآن (QUR’AN MEMORISATION)'),
(2, 'احلديث(HADITH)'),
(3, 'جويدّ ا (TAJWEED)'),
(4, 'العربي(ARABIC  LANGUAGE)'),
(5, 'وحيدّ ا(ISLAMIC THEOLOGY)'),
(6, 'الفقه(ISLAMIC JURISPRUDENCE )'),
(7, 'اآلداب(ISLAMIC ETHICS )'),
(8, 'القراءة(READING SKILL )'),
(9, 'واإلمالء ط ّا(WRITING SKILL)');

-- --------------------------------------------------------

--
-- Table structure for table `class`
--

CREATE TABLE `class` (
  `id` int(10) NOT NULL,
  `class` varchar(255) NOT NULL
) ENGINE=InnoDB DEFAULT CHARSET=utf8mb4;

--
-- Dumping data for table `class`
--

INSERT INTO `class` (`id`, `class`) VALUES
(1, 'Jss 1'),
(2, 'Jss 2'),
(3, 'Jss 3'),
(4, 'SS 1'),
(5, 'SS 2'),
(6, 'SS 3');

-- --------------------------------------------------------

--
-- Table structure for table `materials`
--

CREATE TABLE `materials` (
  `id` int(10) NOT NULL,
  `name` varchar(255) NOT NULL,
  `file` varchar(255) NOT NULL,
  `class` varchar(255) NOT NULL,
  `status` int(10) NOT NULL,
  `date` varchar(255) NOT NULL
) ENGINE=InnoDB DEFAULT CHARSET=utf8mb4;

--
-- Dumping data for table `materials`
--

INSERT INTO `materials` (`id`, `name`, `file`, `class`, `status`, `date`) VALUES
(4, 'Course Outline', 'HTML Scheme of Work 2nd term.pdf', 'all', 0, '09:16:38pm 21/Feb/2021'),
(5, 'W3schools', 'w3schools.zip', 'all', 0, '09:20:25pm 21/Feb/2021'),
(12, 'avatar5', 'avatar5.png', 'all', 0, '01:56:57pm 03/Mar/2021'),
(22, 'HTML TEST INSTRUCTIONS', 'HTML TEST INSTRUCTIONS.pdf', 'all', 0, '02:48:24pm 03/Mar/2021'),
(23, 'Sublime text 3', 'Sublime_Text_Build_3176_Setup[1].exe', 'all', 0, '11:56:38am 11/Mar/2021'),
(24, 'SmartExaminer Setup', 'SmartExaminer Setup.exe', 'all', 0, '11:31:50am 19/Mar/2021'),
(31, 'Aquarium Image for exam', 'aquarium.gif', '1', 0, '01:40:04pm 29/Mar/2021'),
(32, 'Aquarium Image for exam002', 'aqua.gif', '2', 0, '12:56:33pm 30/Mar/2021'),
(33, 'Aquarium Image for exam002', 'aqua.gif', '3', 0, '12:57:02pm 30/Mar/2021'),
(34, 'Aquarium Image for exam002', 'aqua.gif', '4', 0, '12:38:54pm 31/Mar/2021'),
(35, 'Aquarium Image for exam002', 'aqua.gif', '5', 0, '12:39:30pm 31/Mar/2021'),
(36, 'Html Scheme for third term', 'HTML Scheme of Work 3rd term.pdf', 'all', 0, '07:29:05am 20/May/2021'),
(37, 'Form Video', 'html form video.mp4', '1', 0, '04:04:50pm 03/Jun/2021'),
(38, 'html form video 2', 'html form video 2.mp4', 'all', 0, '04:19:41pm 03/Jun/2021'),
(39, 'Gtbank Assignment', 'gtbank html assignment.zip', '1', 0, '12:31:52am 02/Jul/2021'),
(40, 'Gtbank Assignment', 'gtbank html assignment.zip', '2', 0, '12:32:16am 02/Jul/2021'),
(41, 'Polaris bank project', 'polaris bank html assignment.zip', '4', 0, '12:33:31am 02/Jul/2021'),
(42, 'Polaris bank project', 'polaris bank html assignment.zip', '5', 0, '12:34:11am 02/Jul/2021'),
(43, 'keira', 'keira.jpg', '4', 0, '09:23:53am 11/Aug/2021'),
(44, 'keira', 'keira.jpg', '5', 1, '09:24:26am 11/Aug/2021'),
(45, 'waec', 'waec.zip', '6', 0, '09:58:53pm 16/Aug/2021'),
(46, 'bootstrap', 'bootstrap-5.0.0-beta3-dist.zip', 'all', 1, '02:10:41pm 24/Aug/2021'),
(47, 'Fontawesome', 'font.zip', 'all', 1, '02:12:28pm 24/Aug/2021'),
(48, 'waec folder', 'waec folder.zip', 'all', 1, '05:01:28pm 24/Aug/2021'),
(49, 'legacy', 'Dashboard - Educational Legacy College.pdf', '6', 1, '02:47:55pm 15/Sep/2021'),
(50, 'Pdf File', 'midterm.pdf', 'all', 1, '04:33:18am 01/May/2022');

-- --------------------------------------------------------

--
-- Table structure for table `mid_term_results`
--

CREATE TABLE `mid_term_results` (
  `id` int(11) NOT NULL,
  `student_id` int(11) NOT NULL,
  `subject` int(11) NOT NULL,
  `term` int(11) NOT NULL,
  `class` int(11) NOT NULL,
  `session` int(11) NOT NULL,
  `test` int(11) NOT NULL,
  `test2` int(11) NOT NULL,
  `exam` int(11) NOT NULL,
  `teacher` int(11) NOT NULL
) ENGINE=InnoDB DEFAULT CHARSET=utf8mb4;

--
-- Dumping data for table `mid_term_results`
--

INSERT INTO `mid_term_results` (`id`, `student_id`, `subject`, `term`, `class`, `session`, `test`, `test2`, `exam`, `teacher`) VALUES
(1, 495, 1, 1, 1, 1, 10, 0, 0, 13),
(2, 13, 2, 2, 2, 1, 12, 20, 16, 13),
(3, 14, 2, 2, 2, 1, 20, 20, 56, 13),
(4, 15, 2, 2, 2, 1, 0, 0, 0, 13),
(5, 55, 2, 2, 2, 1, 0, 0, 0, 13),
(7, 14, 2, 1, 2, 1, 17, 19, 0, 13),
(8, 15, 2, 1, 2, 1, 0, 0, 0, 1),
(9, 55, 2, 1, 2, 1, 0, 0, 0, 1),
(10, 13, 2, 1, 2, 1, 20, 20, 0, 1),
(11, 13, 1, 2, 2, 1, 10, 20, 0, 13),
(12, 14, 1, 2, 2, 1, 20, 12, 0, 13),
(13, 15, 1, 2, 2, 1, 20, 11, 0, 13),
(14, 55, 1, 2, 2, 1, 20, 20, 60, 13),
(16, 14, 4, 2, 2, 1, 17, 17, 0, 13),
(17, 15, 4, 2, 2, 1, 20, 3, 0, 13),
(18, 55, 4, 2, 2, 1, 11, 19, 0, 13),
(19, 13, 12, 2, 2, 1, 20, 20, 10, 13),
(20, 14, 12, 2, 2, 1, 20, 12, 40, 13),
(21, 15, 12, 2, 2, 1, 13, 20, 50, 13),
(22, 55, 12, 2, 2, 1, 20, 20, 60, 13),
(23, 13, 14, 2, 2, 1, 20, 11, 0, 13),
(24, 14, 14, 2, 2, 1, 15, 20, 0, 13),
(25, 15, 14, 2, 2, 1, 20, 2, 0, 13),
(26, 55, 14, 2, 2, 1, 20, 0, 0, 13),
(27, 13, 6, 2, 2, 1, 20, 0, 0, 13),
(28, 14, 6, 2, 2, 1, 39, 0, 0, 13),
(29, 15, 6, 2, 2, 1, 23, 0, 0, 13),
(30, 55, 6, 2, 2, 1, 11, 0, 0, 13),
(31, 13, 7, 2, 2, 1, 40, 0, 0, 13),
(32, 14, 7, 2, 2, 1, 30, 0, 0, 13),
(33, 15, 7, 2, 2, 1, 20, 0, 0, 13),
(34, 55, 7, 2, 2, 1, 22, 0, 0, 13),
(35, 13, 9, 2, 2, 1, 33, 0, 0, 13),
(36, 14, 9, 2, 2, 1, 23, 0, 0, 13),
(37, 15, 9, 2, 2, 1, 14, 0, 0, 13),
(38, 55, 9, 2, 2, 1, 30, 0, 0, 13),
(39, 13, 3, 2, 2, 1, 30, 0, 0, 13),
(40, 14, 3, 2, 2, 1, 23, 0, 0, 13),
(41, 15, 3, 2, 2, 1, 34, 0, 0, 13),
(43, 13, 10, 2, 2, 1, 0, 0, 0, 13),
(44, 14, 10, 2, 2, 1, 0, 0, 0, 13),
(45, 15, 10, 2, 2, 1, 0, 0, 0, 13),
(46, 55, 10, 2, 2, 1, 0, 0, 0, 13),
(47, 13, 13, 2, 2, 1, 0, 0, 0, 13),
(48, 14, 13, 2, 2, 1, 0, 0, 0, 13),
(49, 15, 13, 2, 2, 1, 0, 0, 0, 13),
(50, 55, 13, 2, 2, 1, 0, 0, 0, 13),
(51, 13, 8, 2, 2, 1, 0, 0, 0, 13),
(52, 14, 8, 2, 2, 1, 0, 0, 0, 1),
(53, 15, 8, 2, 2, 1, 0, 0, 0, 13),
(54, 55, 8, 2, 2, 1, 0, 0, 0, 13),
(55, 13, 15, 2, 2, 1, 0, 0, 0, 13),
(56, 14, 15, 2, 2, 1, 0, 0, 0, 13),
(57, 15, 15, 2, 2, 1, 0, 0, 0, 13),
(58, 55, 15, 2, 2, 1, 0, 0, 0, 13),
(59, 13, 11, 2, 2, 1, 0, 0, 0, 13),
(60, 14, 11, 2, 2, 1, 0, 0, 0, 13),
(61, 15, 11, 2, 2, 1, 0, 0, 0, 13),
(62, 55, 11, 2, 2, 1, 0, 0, 0, 13),
(63, 13, 5, 2, 2, 1, 20, 0, 0, 13),
(64, 14, 5, 2, 2, 1, 40, 0, 0, 13),
(65, 15, 5, 2, 2, 1, 20, 0, 0, 13),
(66, 55, 5, 2, 2, 1, 22, 0, 0, 13),
(67, 13, 3, 2, 2, 2, 15, 12, 0, 13),
(68, 55, 3, 2, 2, 1, 12, 14, 0, 13),
(70, 13, 4, 2, 2, 1, 16, 14, 0, 13),
(71, 13, 4, 1, 2, 1, 12, 20, 0, 13),
(72, 14, 4, 1, 2, 1, 13, 11, 0, 13),
(73, 15, 4, 1, 2, 1, 16, 15, 0, 13),
(74, 55, 4, 1, 2, 1, 17, 18, 0, 13),
(75, 13, 3, 1, 2, 1, 12, 15, 0, 497),
(76, 14, 3, 1, 2, 1, 14, 15, 0, 497),
(77, 15, 3, 1, 2, 1, 16, 18, 0, 497),
(78, 55, 3, 1, 2, 1, 19, 20, 0, 497),
(79, 13, 12, 1, 2, 1, 12, 13, 0, 13),
(80, 14, 12, 1, 2, 1, 13, 14, 0, 13),
(81, 15, 12, 1, 2, 1, 20, 19, 0, 13),
(82, 55, 12, 1, 2, 1, 16, 17, 0, 13),
(87, 512, 12, 2, 1, 1, 12, 15, 49, 13),
(88, 514, 12, 2, 2, 1, 12, 13, 55, 13),
(89, 515, 12, 2, 2, 1, 11, 20, 50, 13),
(90, 13, 4, 3, 2, 1, 10, 20, 40, 13),
(91, 14, 4, 3, 2, 1, 16, 12, 50, 13),
(93, 55, 4, 3, 2, 1, 10, 0, 12, 13),
(96, 13, 1, 3, 2, 1, 20, 20, 40, 13),
(97, 14, 1, 3, 2, 1, 10, 10, 20, 13),
(98, 15, 1, 3, 2, 1, 0, 0, 0, 13),
(100, 514, 1, 3, 2, 1, 0, 0, 0, 13),
(101, 515, 1, 3, 2, 1, 0, 0, 0, 13),
(102, 13, 1, 1, 2, 1, 20, 10, 30, 13),
(103, 14, 1, 1, 2, 1, 20, 20, 20, 13),
(104, 15, 1, 1, 2, 1, 0, 0, 0, 13),
(105, 55, 1, 1, 2, 1, 0, 0, 0, 13),
(106, 514, 1, 1, 2, 1, 0, 0, 0, 13),
(107, 515, 1, 1, 2, 1, 0, 0, 0, 13),
(108, 13, 2, 3, 2, 1, 20, 20, 20, 13),
(109, 14, 2, 3, 2, 1, 20, 20, 60, 13),
(111, 55, 2, 3, 2, 1, 20, 20, 58, 13),
(114, 55, 1, 3, 2, 1, 7, 10, 12, 13),
(115, 13, 9, 3, 2, 1, 13, 10, 45, 13),
(116, 14, 9, 3, 2, 1, 15, 12, 49, 13),
(117, 15, 9, 3, 2, 1, 0, 0, 0, 13),
(118, 55, 9, 3, 2, 1, 11, 12, 50, 13),
(119, 514, 9, 3, 2, 1, 0, 0, 0, 13),
(120, 515, 9, 3, 2, 1, 0, 0, 0, 13),
(121, 13, 6, 3, 2, 1, 20, 10, 55, 13),
(122, 14, 6, 3, 2, 1, 14, 12, 56, 13),
(124, 55, 6, 3, 2, 1, 14, 14, 44, 13),
(127, 13, 10, 3, 2, 1, 9, 9, 19, 13),
(128, 14, 10, 3, 2, 1, 18, 8, 12, 13),
(129, 15, 10, 3, 2, 1, 0, 0, 0, 13),
(130, 55, 10, 3, 2, 1, 12, 12, 10, 13),
(131, 514, 10, 3, 2, 1, 0, 0, 0, 13),
(132, 515, 10, 3, 2, 1, 0, 0, 0, 13),
(133, 13, 7, 3, 2, 1, 11, 20, 53, 13),
(134, 14, 7, 3, 2, 1, 12, 12, 34, 13),
(135, 15, 7, 3, 2, 1, 0, 0, 0, 13),
(136, 55, 7, 3, 2, 1, 14, 12, 44, 13),
(137, 514, 7, 3, 2, 1, 0, 0, 0, 13),
(138, 515, 7, 3, 2, 1, 0, 0, 0, 13),
(139, 13, 13, 3, 2, 1, 11, 10, 21, 13),
(140, 14, 13, 3, 2, 1, 16, 15, 17, 13),
(141, 15, 13, 3, 2, 1, 0, 0, 0, 13),
(142, 55, 13, 3, 2, 1, 19, 18, 20, 13),
(143, 514, 13, 3, 2, 1, 0, 0, 0, 13),
(144, 515, 13, 3, 2, 1, 0, 0, 0, 13),
(145, 13, 15, 3, 2, 1, 20, 20, 50, 13),
(146, 14, 15, 3, 2, 1, 18, 19, 53, 13),
(147, 15, 15, 3, 2, 1, 0, 0, 0, 13),
(148, 55, 15, 3, 2, 1, 20, 18, 60, 13),
(149, 514, 15, 3, 2, 1, 0, 0, 0, 13),
(150, 515, 15, 3, 2, 1, 0, 0, 0, 13),
(151, 13, 5, 3, 2, 1, 20, 20, 55, 13),
(152, 14, 5, 3, 2, 1, 19, 20, 19, 13),
(154, 55, 5, 3, 2, 1, 20, 20, 56, 13),
(155, 514, 5, 3, 2, 1, 0, 0, 0, 13),
(156, 515, 5, 3, 2, 1, 0, 0, 0, 13);

-- --------------------------------------------------------

--
-- Table structure for table `parents`
--

CREATE TABLE `parents` (
  `id` int(11) NOT NULL,
  `user_id` int(11) NOT NULL,
  `class` int(11) NOT NULL,
  `session` int(11) NOT NULL,
  `term` int(11) NOT NULL,
  `parent` int(11) NOT NULL
) ENGINE=InnoDB DEFAULT CHARSET=utf8mb4;

--
-- Dumping data for table `parents`
--

INSERT INTO `parents` (`id`, `user_id`, `class`, `session`, `term`, `parent`) VALUES
(39, 13, 2, 1, 1, 511),
(40, 55, 2, 1, 1, 510),
(41, 15, 2, 1, 1, 511),
(42, 14, 2, 1, 1, 511),
(45, 15, 2, 1, 2, 511),
(47, 13, 2, 2, 2, 511),
(49, 55, 2, 1, 2, 510),
(57, 13, 2, 1, 2, 511);

-- --------------------------------------------------------

--
-- Table structure for table `projects`
--

CREATE TABLE `projects` (
  `id` int(10) NOT NULL,
  `project` varchar(255) NOT NULL,
  `code` varchar(255) NOT NULL,
  `status` int(10) NOT NULL DEFAULT 0,
  `date` varchar(255) NOT NULL
) ENGINE=InnoDB DEFAULT CHARSET=utf8mb4;

--
-- Dumping data for table `projects`
--

INSERT INTO `projects` (`id`, `project`, `code`, `status`, `date`) VALUES
(5, 'Mid-term test', 'test002', 0, '08/Mar/2021'),
(6, 'exam', 'test003', 0, '09/Mar/2021'),
(8, 'Second Term Exam', 'exam002', 0, '29/Mar/2021'),
(9, 'Third Term First Assignment', 'Ass003', 0, '10/Jun/2021'),
(10, 'Polaris Bank', 'polaris bank', 0, '26/Jul/2021'),
(11, 'Gtbank Assignment', 'Gtbank', 0, '26/Jul/2021'),
(12, 'Third Term Examination', 'exam003', 0, '29/Jul/2021'),
(13, 'Data processing ', 'DP003', 0, '02/Aug/2021'),
(14, 'New Project', 'pro123', 0, '01/May/2022');

-- --------------------------------------------------------

--
-- Table structure for table `register`
--

CREATE TABLE `register` (
  `id` int(10) NOT NULL,
  `name` varchar(255) NOT NULL,
  `gender` varchar(255) NOT NULL,
  `code` varchar(255) NOT NULL,
  `class` int(10) NOT NULL,
  `arabic_class` int(10) NOT NULL,
  `session` int(10) NOT NULL,
  `dob` varchar(255) NOT NULL,
  `parent` int(11) NOT NULL,
  `job` varchar(255) NOT NULL,
  `email` varchar(255) NOT NULL,
  `phone` varchar(255) NOT NULL,
  `address` text NOT NULL,
  `date` varchar(255) NOT NULL,
  `username` varchar(255) NOT NULL,
  `password` varchar(255) NOT NULL,
  `level` int(11) NOT NULL DEFAULT 0,
  `status` int(11) NOT NULL DEFAULT 0,
  `signature` varchar(255) NOT NULL,
  `image` varchar(255) NOT NULL
) ENGINE=InnoDB DEFAULT CHARSET=utf8mb4;

--
-- Dumping data for table `register`
--

INSERT INTO `register` (`id`, `name`, `gender`, `code`, `class`, `arabic_class`, `session`, `dob`, `parent`, `job`, `email`, `phone`, `address`, `date`, `username`, `password`, `level`, `status`, `signature`, `image`) VALUES
(1, 'Olayiwola Akeem', 'male', 'QSI/608219', 0, 0, 0, '', 0, '', '', '', '', '15/Jan/2022', 'Archimedes ', '1234', 0, 1, '', ''),
(2, 'Olayiwola Akeem', 'male', 'QSI/263461', 0, 0, 0, '', 0, '', '', '', '', '15/Jan/2022', '', 'password', 0, 0, '', ''),
(3, 'Olayiwola Akeem Ademola', 'male', 'QSI/626383', 0, 0, 0, '', 0, '', '', '', '', '15/Jan/2022', '', 'password', 0, 0, '', ''),
(4, 'Olayiwola Akeem Ademola', 'male', 'QSI/921877', 0, 0, 0, '', 0, '', '', '', '', '15/Jan/2022', '', 'password', 0, 0, '', ''),
(5, 'Olayiwola Akeem Ademola', 'male', 'QSI/942168', 0, 0, 0, '', 0, '', '', '', '', '15/Jan/2022', '', 'password', 0, 0, '', ''),
(6, 'Olayiwola Akeem Ademola', 'male', 'QSI/791834', 0, 0, 0, '', 0, '', '', '', '', '15/Jan/2022', '', 'password', 0, 0, '', ''),
(7, 'Olayiwola Akeem Ademola', 'male', 'QSI/825797', 0, 0, 0, '', 0, '', '', '', '', '15/Jan/2022', '', 'password', 0, 0, '', ''),
(8, 'Olayiwola Akeem', 'female', 'QSI/515464', 1, 2, 1, '', 0, '', '', '', '', '15/Jan/2022', '', 'password', 0, 0, '', ''),
(9, 'Olayiwola Akeem', 'female', 'QSI/669727', 1, 2, 1, '', 0, '', '', '', '', '15/Jan/2022', '', 'password', 0, 0, '', ''),
(10, 'Olayiwola Akeem', 'female', 'QSI/353256', 1, 2, 1, '', 0, '', '', '', '', '15/Jan/2022', '', 'password', 0, 0, '', ''),
(11, 'Olayiwola A', 'male', 'QSI/721367', 3, 1, 1, '', 0, '', '', '', '', '15/Jan/2022', '', 'password', 0, 0, '', ''),
(12, 'Olayiwola Akm', 'female', 'QSI/96667', 3, 2, 1, '', 0, '', '', '', '', '15/Jan/2022', '', 'password', 0, 0, '', ''),
(13, 'Adewolu o', 'male', 'QSI/599334', 2, 1, 1, '1111-11-14', 511, '', '', '', '', '15/Jan/2022', 'Adewolu', '1234', 4, 1, 'fidel sig.PNG', 'download (4).png'),
(14, 'Abdullah abdulkareem', 'male', 'QSI/923433', 2, 1, 1, '19/Mar/2001', 511, '', '', '', '', '15/Jan/2022', 'Abdul', 'password', 0, 0, '', 'Annotation 2020-11-01 124558.jpg'),
(15, 'Aguda Victoria Zaniba', 'female', 'QSI/702728', 2, 1, 1, '2000-06-12', 511, '', '', '', '', '24/Jan/2022', 'vikky', 'password', 0, 0, '', 'WIN_20200117_14_09_12_Pro.jpg'),
(16, 'Abdulrahmon Okikiola Mulikat', 'female', 'QSI/266660', 4, 4, 3, '2009-02-10', 0, '', '', '', '', '25/Jan/2022', '', 'password', 0, 0, '', ''),
(17, 'Abdulsataar Zainab Mosoba', 'female', 'QSI/11527', 4, 4, 3, '2007-10-10', 0, '', '', '', '', '25/Jan/2022', '', 'password', 0, 0, '', ''),
(18, 'Abiodun Damilola Fatimah', 'female', 'QSI/48542', 4, 4, 3, '2007-06-15', 0, '', '', '', '', '25/Jan/2022', '', 'password', 0, 0, '', ''),
(19, 'Adebanjo Success Seyi', 'female', 'QSI/153135', 4, 4, 3, '2007-09-12', 0, '', '', '', '', '25/Jan/2022', '', 'password', 0, 0, '', ''),
(20, 'Adedeji Clementina Omolade', 'female', 'QSI/356780', 4, 4, 3, '2008-11-29', 0, '', '', '', '', '25/Jan/2022', '', 'password', 0, 0, '', ''),
(21, 'Adekola Mariam Romoke', 'female', 'QSI/56559', 4, 4, 3, '2006-10-22', 0, '', '', '', '', '25/Jan/2022', '', 'password', 0, 0, '', ''),
(22, 'Aderibigbe Omolabake Adesola', 'female', 'QSI/385646', 4, 4, 3, '2008-03-02', 0, '', '', '', '', '25/Jan/2022', '', 'password', 0, 0, '', ''),
(23, 'Afolabi Oreoluwa Ruth', 'female', 'QSI/300743', 4, 4, 3, '2008-07-21', 0, '', '', '', '', '25/Jan/2022', '', 'password', 0, 0, '', ''),
(24, 'Agboola Roheemot Folashade', 'female', 'QSI/93780', 4, 4, 3, '2008-06-16', 0, '', '', '', '', '25/Jan/2022', '', 'password', 0, 0, '', ''),
(26, 'Akinbile Balikis Oluwafunmilayo', 'female', 'QSI/203385', 4, 4, 3, '2006-10-26', 0, '', '', '', '', '25/Jan/2022', '', 'password', 0, 0, '', ''),
(27, 'Amemata Endurance Omolola', 'female', 'QSI/678456', 4, 4, 3, '2008-10-14', 0, '', '', '', '', '25/Jan/2022', '', 'password', 0, 0, '', ''),
(28, 'Amolegbe Awau Tolani', 'female', 'QSI/453723', 4, 4, 3, '2008-01-21', 0, '', '', '', '', '25/Jan/2022', '', 'password', 0, 0, '', ''),
(29, 'Bamisile Rebecca Oluwatosin', 'female', 'QSI/774116', 4, 4, 3, '2008-08-07', 0, '', '', '', '', '25/Jan/2022', '', 'password', 0, 0, '', ''),
(30, 'Bello Monisola Suliyat', 'female', 'QSI/855973', 4, 4, 3, '2007-07-29', 0, '', '', '', '', '25/Jan/2022', '', 'password', 0, 0, '', ''),
(31, 'Faito Precious Oluwanifemi', 'female', 'QSI/830126', 4, 4, 3, '2007-11-16', 0, '', '', '', '', '25/Jan/2022', '', 'password', 0, 0, '', ''),
(32, 'Hammed Zainab Damola', 'female', 'QSI/194504', 4, 4, 3, '2007-05-09', 0, '', '', '', '', '25/Jan/2022', '', 'password', 0, 0, '', ''),
(33, 'Iheanacho Chinazaekpere Goodness', 'female', 'QSI/991870', 4, 4, 3, '2008-02-02', 0, '', '', '', '', '25/Jan/2022', '', 'password', 0, 0, '', ''),
(34, 'Ishola Blessing Grace ', 'female', 'QSI/552344', 4, 4, 3, '2007-12-26', 0, '', '', '', '', '25/Jan/2022', '', 'password', 0, 0, '', ''),
(35, 'Joel Charity Oluwafunmilola', 'female', 'QSI/566969', 4, 4, 3, '2006-09-20', 0, '', '', '', '', '25/Jan/2022', '', 'password', 0, 0, '', ''),
(36, 'John Rhoda Loveth', 'female', 'QSI/681842', 4, 4, 3, '2006-08-06', 0, '', '', '', '', '25/Jan/2022', '', 'password', 0, 0, '', ''),
(37, 'Johnson Esther Ayomide', 'female', 'QSI/339002', 4, 4, 3, '2008-03-14', 0, '', '', '', '', '25/Jan/2022', '', 'password', 0, 0, '', ''),
(38, 'Mathew Joy Azehlumen', 'female', 'QSI/144254', 4, 4, 3, '2006-08-15', 0, '', '', '', '', '25/Jan/2022', '', 'password', 0, 0, '', ''),
(39, 'Oduayo Rachael Foyinsodun', 'female', 'QSI/576545', 4, 4, 3, '2008-02-02', 0, '', '', '', '', '25/Jan/2022', '', 'password', 0, 0, '', ''),
(40, 'Oduniyi Elizabeth Jesunifemi', 'female', 'QSI/131355', 4, 4, 3, '2009-03-19', 0, '', '', '', '', '25/Jan/2022', '', 'password', 0, 0, '', ''),
(41, 'Olabamiji Esther Inioluwa', 'female', 'QSI/265528', 4, 4, 3, '2008-03-19', 0, '', '', '', '', '25/Jan/2022', '', 'password', 0, 0, '', ''),
(42, 'Olalekan Aishat Oyinkansola', 'female', 'QSI/260793', 3, 4, 3, '2008-12-26', 0, '', '', '', '', '25/Jan/2022', '', 'password', 0, 0, '', ''),
(43, 'Olalekan Aishat Oyinkansola', 'female', 'QSI/992656', 4, 4, 3, '2008-12-26', 0, '', '', '', '', '25/Jan/2022', '', 'password', 0, 0, '', ''),
(44, 'Olanrewaju Eniola Barakat', 'female', 'QSI/453879', 4, 4, 3, '2008-08-18', 0, '', '', '', '', '25/Jan/2022', '', 'password', 0, 0, '', ''),
(45, 'Olatoyinbo Temidayo Favour', 'female', 'QSI/596942', 4, 4, 3, '2008-08-05', 0, '', '', '', '', '25/Jan/2022', '', 'password', 0, 0, '', ''),
(46, 'Ologbenla Inioluwa Christiana', 'female', 'QSI/584825', 4, 4, 3, '2008-12-18', 0, '', '', '', '', '25/Jan/2022', '', 'password', 0, 0, '', ''),
(47, 'Oyeneye Khadijah Omolade', 'female', 'QSI/74086', 4, 4, 3, '2007-08-22', 0, '', '', '', '', '25/Jan/2022', '', 'password', 0, 0, '', ''),
(48, 'Saula Kauthar Olamiposi', 'female', 'QSI/161206', 4, 4, 3, '2006-12-08', 0, '', '', '', '', '25/Jan/2022', '', 'password', 0, 0, '', ''),
(49, 'Taiwo Ifeoluwa Esther', 'female', 'QSI/787658', 4, 4, 3, '2007-05-29', 0, '', '', '', '', '25/Jan/2022', '', 'password', 0, 0, '', ''),
(50, 'Taofeeq Aishat Omowumi', 'female', 'QSI/23652', 4, 4, 3, '2007-05-22', 0, '', '', '', '', '25/Jan/2022', '', 'password', 0, 0, '', ''),
(51, 'Alphonso Esther Temiloluwa', 'female', 'QSI/699908', 5, 1, 3, '2008-04-15', 0, '', '', '', '', '10/Mar/2022', '', 'password', 0, 0, '', ''),
(52, 'aaaaaaaaaaa', 'female', 'QSI/911791', 0, 0, 0, '', 0, '', '', '', '', '12/Mar/2022', '', 'password', 0, 0, '', ''),
(53, 'Akeem', 'female', 'QSI/4674', 4, 1, 0, '', 0, '', '', '', '', '12/Mar/2022', '', 'password', 0, 0, '', ''),
(54, 'AbdulAzeez AmotulAzeez Moriyike', 'female', 'QSI/584208', 4, 1, 3, '2008-03-21', 0, '', '', '', '', '12/Mar/2022', '', 'password', 0, 0, '', ''),
(55, 'Akeem', 'female', 'QSI/872497', 2, 2, 1, '', 510, '', '', '', '', '12/Mar/2022', 'Akmoney', 'password', 0, 0, '', '2894038.jpg'),
(56, 'Adebisi Raheemat Adenike', 'female', 'QSI/671544', 4, 6, 3, '2007-05-16', 0, '', '', '', '', '17/Mar/2022', '', 'password', 0, 0, '', ''),
(57, 'Adebisi Salmat Oluwabunmi', 'female', 'QSI/281502', 4, 6, 3, '2007-05-17', 0, '', '', '', '', '17/Mar/2022', '', 'password', 0, 0, '', ''),
(58, 'Adebusayo Rachael Gbotemi', 'female', 'QSI/553330', 4, 6, 3, '2007-10-27', 0, '', '', '', '', '17/Mar/2022', '', 'password', 0, 0, '', ''),
(59, 'Ademola Success Abifoluwa', 'female', 'QSI/101970', 4, 6, 3, '2009-01-11', 0, '', '', '', '', '17/Mar/2022', '', 'password', 0, 0, '', ''),
(60, 'Adegbuyi Eniola Aishat', 'female', 'QSI/724247', 4, 6, 3, '2007-10-07', 0, '', '', '', '', '17/Mar/2022', '', 'password', 0, 0, '', ''),
(61, 'Adegoke Bolanle Omolola', 'female', 'QSI/983198', 4, 6, 3, '2006-02-17', 0, '', '', '', '', '17/Mar/2022', '', 'password', 0, 0, '', ''),
(62, 'Adigun Moyosore Muibat', 'female', 'QSI/788290', 4, 6, 3, '2008-09-21', 0, '', '', '', '', '17/Mar/2022', '', 'password', 0, 0, '', ''),
(63, 'Adekunle Amen Ayoade', 'female', 'QSI/689241', 4, 6, 3, '2008-08-25', 0, '', '', '', '', '17/Mar/2022', '', 'password', 0, 0, '', ''),
(64, 'Adekunle Yetunde Esther', 'female', 'QSI/100252', 4, 6, 3, '2003-03-14', 0, '', '', '', '', '17/Mar/2022', '', 'password', 0, 0, '', ''),
(65, 'Adekusibe Hussainat Adejumoke', 'female', 'QSI/662288', 4, 6, 3, '2009-01-24', 0, '', '', '', '', '17/Mar/2022', '', 'password', 0, 0, '', ''),
(66, 'Adewale Motunrayo Faith', 'female', 'QSI/491275', 4, 6, 3, '2006-04-24', 0, '', '', '', '', '17/Mar/2022', '', 'password', 0, 0, '', ''),
(67, 'Adewoye Darasimi Ruth', 'female', 'QSI/112699', 4, 6, 3, '2008-07-11', 0, '', '', '', '', '17/Mar/2022', '', 'password', 0, 0, '', ''),
(68, 'Afonja Aliyah Adeyinka', 'female', 'QSI/941204', 4, 6, 3, '2006-01-28', 0, '', '', '', '', '17/Mar/2022', '', 'password', 0, 0, '', ''),
(69, 'Aguda Victoria Zainab', 'female', 'QSI/533137', 4, 6, 3, '2009-10-05', 0, '', '', '', '', '17/Mar/2022', '', 'password', 0, 0, '', ''),
(70, 'Ajadi Erioreofe Victoria', 'female', 'QSI/874192', 4, 6, 3, '2008-11-04', 0, '', '', '', '', '17/Mar/2022', '', 'password', 0, 0, '', ''),
(71, 'Ajayi Esther Boluwatife ', 'female', 'QSI/11441', 4, 6, 3, '2007-12-03', 0, '', '', '', '', '17/Mar/2022', '', 'password', 0, 0, '', ''),
(72, 'Adekoya Kanyinsola Christianah', 'female', 'QSI/279709', 4, 6, 3, '2007-11-08', 0, '', '', '', '', '17/Mar/2022', '', 'password', 0, 0, '', ''),
(73, 'Akande Islamiat Desire', 'female', 'QSI/283806', 4, 6, 3, '2009-06-28', 0, '', '', '', '', '17/Mar/2022', '', 'password', 0, 0, '', ''),
(74, 'Alabi Azeezat Esther', 'female', 'QSI/147017', 4, 6, 3, '2006-02-07', 0, '', '', '', '', '17/Mar/2022', '', 'password', 0, 0, '', ''),
(75, 'Alamoran Damilola Olamide', 'female', 'QSI/365602', 4, 6, 3, '2006-04-10', 0, '', '', '', '', '17/Mar/2022', '', 'password', 0, 0, '', ''),
(76, 'Amosun Olaoluwapo Deborah', 'female', 'QSI/230448', 4, 6, 3, '2004-11-29', 0, '', '', '', '', '17/Mar/2022', '', 'password', 0, 0, '', ''),
(77, 'Anibire Oluwatunmise Ifeoluwa', 'female', 'QSI/151295', 4, 6, 3, '2008-09-17', 0, '', '', '', '', '17/Mar/2022', '', 'password', 0, 0, '', ''),
(78, 'Animashaun Faridat Adekanyinsola', 'female', 'QSI/111118', 4, 6, 3, '2008-10-25', 0, '', '', '', '', '17/Mar/2022', '', 'password', 0, 0, '', ''),
(79, 'Arowolo Moyosore Testimony', 'female', 'QSI/617855', 4, 6, 3, '2008-02-07', 0, '', '', '', '', '17/Mar/2022', '', 'password', 0, 0, '', ''),
(80, 'Arowosegbe Faridat Oyindamola', 'female', 'QSI/718222', 4, 6, 3, '2006-03-06', 0, '', '', '', '', '17/Mar/2022', '', 'password', 0, 0, '', ''),
(81, 'Ashamu Boluwatife Temilade', 'female', 'QSI/453226', 4, 6, 3, '2006-02-22', 0, '', '', '', '', '17/Mar/2022', '', 'password', 0, 0, '', ''),
(82, 'Asikolaye Selimot Ayomide', 'female', 'QSI/737044', 4, 6, 3, '2006-01-07', 0, '', '', '', '', '17/Mar/2022', '', 'password', 0, 0, '', ''),
(83, 'Ayeni Vivian Omorinsola', 'female', 'QSI/18425', 4, 6, 3, '2008-01-16', 0, '', '', '', '', '17/Mar/2022', '', 'password', 0, 0, '', ''),
(84, 'Azeez Rofiat Ibukun', 'female', 'QSI/130263', 4, 6, 3, '2009-05-10', 0, '', '', '', '', '17/Mar/2022', '', 'password', 0, 0, '', ''),
(85, 'Bassey Mary Abigail', 'female', 'QSI/167240', 4, 6, 3, '2007-05-04', 0, '', '', '', '', '17/Mar/2022', '', 'password', 0, 0, '', ''),
(86, 'Balogun Sururoh Mopelola', 'female', 'QSI/699218', 4, 6, 3, '2008-10-20', 0, '', '', '', '', '17/Mar/2022', '', 'password', 0, 0, '', ''),
(87, 'Fapohunda Esther Ifeoluwa', 'female', 'QSI/89298', 4, 6, 3, '2008-05-16', 0, '', '', '', '', '17/Mar/2022', '', 'password', 0, 0, '', ''),
(88, 'Fapohunda Precious Boluwatife', 'female', 'QSI/424834', 4, 6, 3, '2008-08-21', 0, '', '', '', '', '17/Mar/2022', '', 'password', 0, 0, '', ''),
(89, 'Fatai Bisola Suliyat', 'female', 'QSI/887567', 4, 6, 3, '2008-08-04', 0, '', '', '', '', '17/Mar/2022', '', 'password', 0, 0, '', ''),
(90, 'Folarin Esther Fiyinfoluwa', 'female', 'QSI/65025', 4, 6, 3, '2008-01-06', 0, '', '', '', '', '17/Mar/2022', '', 'password', 0, 0, '', ''),
(91, 'Ifasanya Aishat Owolabi', 'female', 'QSI/334388', 4, 6, 3, '2005-01-10', 0, '', '', '', '', '17/Mar/2022', '', 'password', 0, 0, '', ''),
(92, 'Joseph Mary Chidawa', 'female', 'QSI/811435', 4, 6, 3, '2005-02-10', 0, '', '', '', '', '17/Mar/2022', '', 'password', 0, 0, '', ''),
(93, 'Kazeem Islamiat Oluwapelumi', 'female', 'QSI/697954', 4, 6, 3, '2009-04-21', 0, '', '', '', '', '17/Mar/2022', '', 'password', 0, 0, '', ''),
(94, 'Abdulhakeem Aishat Funmilayo', 'female', 'QSI/260162', 4, 5, 3, '2007-05-23', 0, '', '', '', '', '17/Mar/2022', '', 'password', 0, 0, '', ''),
(95, 'Lasisi Rodiat Olalere', 'female', 'QSI/706008', 4, 6, 3, '2008-01-12', 0, '', '', '', '', '17/Mar/2022', '', 'password', 0, 0, '', ''),
(96, 'Mobolaji Justinah Bamidele', 'female', 'QSI/88827', 4, 6, 3, '2006-10-08', 0, '', '', '', '', '17/Mar/2022', '', 'password', 0, 0, '', ''),
(97, 'Moyofola Kabirat Abidemi', 'female', 'QSI/970566', 4, 6, 3, '2002-05-08', 0, '', '', '', '', '17/Mar/2022', '', 'password', 0, 0, '', ''),
(98, 'Abdulazeez Rodiat Lolade', 'female', 'QSI/296463', 4, 5, 3, '2007-03-12', 0, '', '', '', '', '17/Mar/2022', '', 'password', 0, 0, '', ''),
(99, 'Muhammed Aishat Adebayo', 'female', 'QSI/414439', 4, 6, 3, '2008-06-08', 0, '', '', '', '', '17/Mar/2022', '', 'password', 0, 0, '', ''),
(100, 'Abdulsalam Rokibat Adeola', 'female', 'QSI/589124', 4, 5, 3, '2007-10-23', 0, '', '', '', '', '17/Mar/2022', '', 'password', 0, 0, '', ''),
(101, 'Muftau Anuoluwapo Rokibat', 'female', 'QSI/895083', 4, 6, 3, '2008-04-16', 0, '', '', '', '', '17/Mar/2022', '', 'password', 0, 0, '', ''),
(102, 'Adebisi Suliyat Olawunmi', 'female', 'QSI/94428', 4, 5, 3, '2007-04-20', 0, '', '', '', '', '17/Mar/2022', '', 'password', 0, 0, '', ''),
(103, 'Mustapha Zeenat Opemipo', 'female', 'QSI/695552', 4, 6, 3, '2008-11-14', 0, '', '', '', '', '17/Mar/2022', '', 'password', 0, 0, '', ''),
(104, 'Adeleye Shalom Ayomide', 'female', 'QSI/51519', 4, 5, 3, '2007-06-30', 0, '', '', '', '', '17/Mar/2022', '', 'password', 0, 0, '', ''),
(105, 'Obilade Rokibat Omobolanle', 'female', 'QSI/344624', 4, 6, 3, '2007-06-02', 0, '', '', '', '', '17/Mar/2022', '', 'password', 0, 0, '', ''),
(106, 'Odunayo Mercy Oluwakemisola', 'female', 'QSI/913238', 4, 6, 3, '2008-09-12', 0, '', '', '', '', '17/Mar/2022', '', 'password', 0, 0, '', ''),
(107, 'Aderemi Afolajaiye Mofoworade', 'female', 'QSI/627857', 4, 5, 3, '2007-05-29', 0, '', '', '', '', '17/Mar/2022', '', 'password', 0, 0, '', ''),
(108, 'Ogooluwa Monsurat Toyosi', 'female', 'QSI/434690', 4, 6, 3, '2008-05-30', 0, '', '', '', '', '17/Mar/2022', '', 'password', 0, 0, '', ''),
(109, 'Adesemoye Faith Eniola', 'female', 'QSI/862914', 4, 5, 3, '2007-09-18', 0, '', '', '', '', '17/Mar/2022', '', 'password', 0, 0, '', ''),
(110, 'Ogunleye Eniola Grace', 'female', 'QSI/714029', 4, 6, 3, '2007-08-18', 0, '', '', '', '', '17/Mar/2022', '', 'password', 0, 0, '', ''),
(111, 'Okewoye Darasimi Oluwanifemi', 'female', 'QSI/451126', 4, 6, 3, '2007-12-25', 0, '', '', '', '', '17/Mar/2022', '', 'password', 0, 0, '', ''),
(112, 'Okunola Feyishara Kadijat', 'female', 'QSI/950286', 4, 6, 3, '2006-07-09', 0, '', '', '', '', '17/Mar/2022', '', 'password', 0, 0, '', ''),
(113, 'Agbita Iroghene Praise', 'female', 'QSI/490250', 4, 5, 3, '', 0, '', '', '', '', '17/Mar/2022', '', 'password', 0, 0, '', ''),
(114, 'Oladejo Rukoyat Eniola', 'female', 'QSI/812700', 4, 6, 3, '2005-11-24', 0, '', '', '', '', '17/Mar/2022', '', 'password', 0, 0, '', ''),
(115, 'Agboola Fathia Ibironke', 'female', 'QSI/119588', 4, 5, 3, '2005-03-03', 0, '', '', '', '', '17/Mar/2022', '', 'password', 0, 0, '', ''),
(116, 'Oladipo Mariam Olayemi', 'female', 'QSI/269237', 4, 6, 3, '2008-08-16', 0, '', '', '', '', '17/Mar/2022', '', 'password', 0, 0, '', ''),
(117, 'Olalekan Taiwo Grace', 'female', 'QSI/295760', 4, 6, 3, '2007-07-04', 0, '', '', '', '', '17/Mar/2022', '', 'password', 0, 0, '', ''),
(118, 'Olajide Nifemi Funmi', 'female', 'QSI/345403', 4, 6, 3, '2006-01-06', 0, '', '', '', '', '17/Mar/2022', '', 'password', 0, 0, '', ''),
(119, 'Olaniyan Itunu Victoria', 'female', 'QSI/962132', 4, 6, 3, '2008-12-26', 0, '', '', '', '', '17/Mar/2022', '', 'password', 0, 0, '', ''),
(120, 'Olanusi Pelumi Esther', 'female', 'QSI/431606', 4, 6, 3, '2008-08-04', 0, '', '', '', '', '17/Mar/2022', '', 'password', 0, 0, '', ''),
(121, 'Olapade Blessing Elizabeth', 'female', 'QSI/384796', 4, 6, 3, '2005-05-21', 0, '', '', '', '', '17/Mar/2022', '', 'password', 0, 0, '', ''),
(122, 'Olasupo Pelumi Favour', 'female', 'QSI/857162', 4, 6, 3, '2006-07-17', 0, '', '', '', '', '17/Mar/2022', '', 'password', 0, 0, '', ''),
(123, 'Olude Felicia Oluwarantimi', 'female', 'QSI/897173', 4, 6, 3, '2005-07-17', 0, '', '', '', '', '17/Mar/2022', '', 'password', 0, 0, '', ''),
(124, 'Oluwafemi Toluwanimi', 'female', 'QSI/999781', 4, 6, 3, '2007-06-19', 0, '', '', '', '', '17/Mar/2022', '', 'password', 0, 0, '', ''),
(125, 'Ahmad Rodiyah Ajoke', 'female', 'QSI/595677', 4, 5, 3, '2007-01-01', 0, '', '', '', '', '17/Mar/2022', '', 'password', 0, 0, '', ''),
(126, 'Omoniyi Boluwatife Victoria ', 'female', 'QSI/430945', 4, 6, 3, '2008-04-06', 0, '', '', '', '', '17/Mar/2022', '', 'password', 0, 0, '', ''),
(127, 'Omojola Eniola Mojisola ', 'female', 'QSI/294308', 4, 6, 3, '2008-02-03', 0, '', '', '', '', '17/Mar/2022', '', 'password', 0, 0, '', ''),
(128, 'Otunonye Genevieve Ngosi', 'female', 'QSI/776763', 4, 6, 3, '2007-04-28', 0, '', '', '', '', '17/Mar/2022', '', 'password', 0, 0, '', ''),
(129, 'Oyetayo Eniola Esther', 'female', 'QSI/138923', 4, 6, 3, '2006-02-26', 0, '', '', '', '', '17/Mar/2022', '', 'password', 0, 0, '', ''),
(130, 'Oyeniyi Mariam Moyosore', 'female', 'QSI/252584', 4, 6, 3, '2008-08-01', 0, '', '', '', '', '17/Mar/2022', '', 'password', 0, 0, '', ''),
(131, 'Oyewunmi Zainab Omolara', 'female', 'QSI/778374', 4, 6, 3, '2008-06-29', 0, '', '', '', '', '17/Mar/2022', '', 'password', 0, 0, '', ''),
(132, 'Raheem Khadijat Taiwo', 'female', 'QSI/170348', 4, 6, 3, '2007-01-13', 0, '', '', '', '', '17/Mar/2022', '', 'password', 0, 0, '', ''),
(133, 'Rahmon Rukoyat Ayomide', 'female', 'QSI/721130', 4, 6, 3, '2007-12-24', 0, '', '', '', '', '17/Mar/2022', '', 'password', 0, 0, '', ''),
(134, 'Salami Alimot Ayomide', 'female', 'QSI/522449', 4, 6, 3, '2004-02-26', 0, '', '', '', '', '17/Mar/2022', '', 'password', 0, 0, '', ''),
(135, 'Salami Iyanuoluwa Precious', 'female', 'QSI/242173', 4, 6, 3, '2006-11-14', 0, '', '', '', '', '17/Mar/2022', '', 'password', 0, 0, '', ''),
(136, 'Salami Pamilerin Ajoke', 'female', 'QSI/843573', 4, 6, 3, '2007-07-31', 0, '', '', '', '', '17/Mar/2022', '', 'password', 0, 0, '', ''),
(137, 'Salahudeen Fatimah Olaitan', 'female', 'QSI/119708', 4, 6, 3, '2007-06-03', 0, '', '', '', '', '17/Mar/2022', '', 'password', 0, 0, '', ''),
(138, 'Samuel Deborah Victory', 'female', 'QSI/114378', 4, 6, 3, '2006-05-20', 0, '', '', '', '', '17/Mar/2022', '', 'password', 0, 0, '', ''),
(139, 'Solomon Boluwatife Oluwafeyikemi', 'female', 'QSI/431795', 4, 6, 3, '2008-05-09', 0, '', '', '', '', '17/Mar/2022', '', 'password', 0, 0, '', ''),
(140, 'Soretire Helen Ajoke', 'female', 'QSI/798127', 4, 6, 3, '2008-04-27', 0, '', '', '', '', '17/Mar/2022', '', 'password', 0, 0, '', ''),
(141, 'Sosanya Sharon Oluwatobi', 'female', 'QSI/878867', 4, 6, 3, '2008-12-09', 0, '', '', '', '', '17/Mar/2022', '', 'password', 0, 0, '', ''),
(142, 'Taofik Ruth Odunayo', 'female', 'QSI/669298', 4, 6, 3, '2005-12-18', 0, '', '', '', '', '17/Mar/2022', '', 'password', 0, 0, '', ''),
(143, 'Ubandawaki Aishat Odunayo ', 'female', 'QSI/631042', 4, 6, 3, '2006-12-24', 0, '', '', '', '', '17/Mar/2022', '', 'password', 0, 0, '', ''),
(144, 'Ubah Loveth Munachi', 'female', 'QSI/62790', 4, 6, 3, '2007-05-17', 0, '', '', '', '', '17/Mar/2022', '', 'password', 0, 0, '', ''),
(145, 'Uthman Azeezat Taiwo ', 'female', 'QSI/325297', 4, 6, 3, '2005-09-12', 0, '', '', '', '', '17/Mar/2022', '', 'password', 0, 0, '', ''),
(146, 'Yakub Mariam Asabi', 'female', 'QSI/433572', 4, 6, 3, '2005-06-10', 0, '', '', '', '', '17/Mar/2022', '', 'password', 0, 0, '', ''),
(147, 'Akande Oreofe Flourence', 'female', 'QSI/575220', 4, 5, 3, '2008-12-03', 0, '', '', '', '', '20/Mar/2022', '', 'password', 0, 0, '', ''),
(148, 'Akinrefon Blessing Damiola', 'female', 'QSI/823169', 4, 5, 3, '2008-12-04', 0, '', '', '', '', '20/Mar/2022', '', 'password', 0, 0, '', ''),
(149, 'Akintayo Hassanat Taiwo', 'female', 'QSI/639175', 4, 5, 3, '2008-04-17', 0, '', '', '', '', '20/Mar/2022', '', 'password', 0, 0, '', ''),
(150, 'Amusan Oluwatimileyin Joy', 'female', 'QSI/99897', 4, 5, 3, '2008-05-16', 0, '', '', '', '', '20/Mar/2022', '', 'password', 0, 0, '', ''),
(151, 'Ayinde Mutmainat Adepeju', 'female', 'QSI/535463', 4, 5, 3, '2008-07-23', 0, '', '', '', '', '20/Mar/2022', '', 'password', 0, 0, '', ''),
(152, 'Ayinla Felicia Motunrayo', 'female', 'QSI/331736', 4, 5, 3, '2008-10-02', 0, '', '', '', '', '20/Mar/2022', '', 'password', 0, 0, '', ''),
(153, 'Bankole Opeyemi Halleluyah', 'female', 'QSI/514404', 4, 5, 3, '2008-11-16', 0, '', '', '', '', '20/Mar/2022', '', 'password', 0, 0, '', ''),
(154, 'Banjo Ibukun Elizabeth', 'female', 'QSI/620082', 4, 5, 3, '2008-06-29', 0, '', '', '', '', '20/Mar/2022', '', 'password', 0, 0, '', ''),
(155, 'Emah Angel Oiza', 'female', 'QSI/187656', 4, 5, 3, '2009-07-16', 0, '', '', '', '', '20/Mar/2022', '', 'password', 0, 0, '', ''),
(156, 'Eromosele Joy Mercy', 'female', 'QSI/266031', 4, 5, 3, '2008-07-10', 0, '', '', '', '', '20/Mar/2022', '', 'password', 0, 0, '', ''),
(157, 'Ezeh Sethianah Oluwamo', 'female', 'QSI/711342', 4, 5, 3, '2008-07-24', 0, '', '', '', '', '20/Mar/2022', '', 'password', 0, 0, '', ''),
(158, 'Fabowale Christianah Inioluwa', 'female', 'QSI/108986', 4, 5, 3, '2007-12-10', 0, '', '', '', '', '20/Mar/2022', '', 'password', 0, 0, '', ''),
(159, 'Fabiyi Mary Oluwaseyifunmi', 'female', 'QSI/396712', 4, 5, 3, '2007-04-13', 0, '', '', '', '', '20/Mar/2022', '', 'password', 0, 0, '', ''),
(160, 'Folorunsho Great Grace Motayo', 'female', 'QSI/916923', 4, 5, 3, '2009-11-01', 0, '', '', '', '', '20/Mar/2022', '', 'password', 0, 0, '', ''),
(161, 'Gbadamosi Rukoyah Feranmi', 'female', 'QSI/903090', 4, 5, 3, '2006-06-06', 0, '', '', '', '', '20/Mar/2022', '', 'password', 0, 0, '', ''),
(162, 'Hassan Basirat Taiwo', 'female', 'QSI/647354', 4, 5, 3, '2005-01-18', 0, '', '', '', '', '20/Mar/2022', '', 'password', 0, 0, '', ''),
(163, 'Igwe Callista Chimuchemu', 'female', 'QSI/773423', 4, 5, 3, '2008-02-04', 0, '', '', '', '', '20/Mar/2022', '', 'password', 0, 0, '', ''),
(164, 'Iheagwu Chinayenwa Rita', 'female', 'QSI/754190', 4, 5, 3, '', 0, '', '', '', '', '20/Mar/2022', '', 'password', 0, 0, '', ''),
(165, 'Ilori Deborah Imole', 'female', 'QSI/337559', 4, 5, 3, '2007-05-17', 0, '', '', '', '', '20/Mar/2022', '', 'password', 0, 0, '', ''),
(166, 'Isawe Christiana Odunayo', 'female', 'QSI/176304', 4, 5, 3, '2007-01-27', 0, '', '', '', '', '20/Mar/2022', '', 'password', 0, 0, '', ''),
(167, 'Ismail Monsurah Opeyemi', 'female', 'QSI/920259', 4, 5, 3, '2007-08-04', 0, '', '', '', '', '20/Mar/2022', '', 'password', 0, 0, '', ''),
(168, 'Jegede Joy Eniola', 'female', 'QSI/726874', 4, 5, 3, '2008-04-17', 0, '', '', '', '', '20/Mar/2022', '', 'password', 0, 0, '', ''),
(169, 'Joseph Deborah Victoria', 'female', 'QSI/791010', 4, 5, 3, '2008-04-08', 0, '', '', '', '', '20/Mar/2022', '', 'password', 0, 0, '', ''),
(170, 'Lukman Haliyat Adeola', 'female', 'QSI/881907', 4, 5, 3, '2008-08-31', 0, '', '', '', '', '20/Mar/2022', '', 'password', 0, 0, '', ''),
(171, 'Makanjuola Esther Happiness', 'female', 'QSI/768274', 4, 5, 3, '2008-03-30', 0, '', '', '', '', '20/Mar/2022', '', 'password', 0, 0, '', ''),
(172, 'Moshood Aliyat Oyindamola', 'female', 'QSI/915949', 4, 5, 3, '2009-07-29', 0, '', '', '', '', '20/Mar/2022', '', 'password', 0, 0, '', ''),
(173, 'Muritala Oreoluwa Adeola', 'female', 'QSI/709528', 4, 5, 3, '2006-10-06', 0, '', '', '', '', '20/Mar/2022', '', 'password', 0, 0, '', ''),
(174, 'Mustapha Nofisat Omowumi', 'female', 'QSI/815986', 4, 5, 3, '2007-07-02', 0, '', '', '', '', '20/Mar/2022', '', 'password', 0, 0, '', ''),
(175, 'Nasiru Ramatu', 'female', 'QSI/396907', 4, 5, 3, '2006-11-22', 0, '', '', '', '', '20/Mar/2022', '', 'password', 0, 0, '', ''),
(176, 'Obasa Precious Oluwalo', 'female', 'QSI/940544', 4, 5, 3, '2006-11-22', 0, '', '', '', '', '20/Mar/2022', '', 'password', 0, 0, '', ''),
(177, 'Obaje Suzan Peace', 'female', 'QSI/640113', 4, 5, 3, '2006-05-06', 0, '', '', '', '', '20/Mar/2022', '', 'password', 0, 0, '', ''),
(178, 'Odeyemi Favour Olawumi', 'female', 'QSI/38998', 4, 5, 3, '2007-06-26', 0, '', '', '', '', '20/Mar/2022', '', 'password', 0, 0, '', ''),
(179, 'Odo Marvellous Temiloluwa', 'female', 'QSI/654407', 4, 5, 3, '2008-03-24', 0, '', '', '', '', '20/Mar/2022', '', 'password', 0, 0, '', ''),
(180, 'Odunlami Dorcas Pelumi', 'female', 'QSI/962068', 4, 5, 3, '2007-07-31', 0, '', '', '', '', '20/Mar/2022', '', 'password', 0, 0, '', ''),
(181, 'Ogunleye Victoria Adeola', 'female', 'QSI/516431', 4, 5, 3, '2009-04-22', 0, '', '', '', '', '20/Mar/2022', '', 'password', 0, 0, '', ''),
(182, 'Ogunsola Precious Nifemi', 'female', 'QSI/423349', 4, 5, 3, '2008-05-07', 0, '', '', '', '', '20/Mar/2022', '', 'password', 0, 0, '', ''),
(183, 'Ojuolape Rofiat Moyosore', 'female', 'QSI/954307', 4, 5, 3, '2009-02-22', 0, '', '', '', '', '20/Mar/2022', '', 'password', 0, 0, '', ''),
(184, 'Olagoke Aliyah Ayomide', 'female', 'QSI/889456', 4, 5, 3, '2008-04-13', 0, '', '', '', '', '20/Mar/2022', '', 'password', 0, 0, '', ''),
(185, 'Olakunle Aishat Oyindamola', 'female', 'QSI/63181', 4, 5, 3, '2008-10-01', 0, '', '', '', '', '20/Mar/2022', '', 'password', 0, 0, '', ''),
(186, 'Olalekan Kehinde Glory', 'female', 'QSI/754875', 4, 5, 3, '2007-07-04', 0, '', '', '', '', '20/Mar/2022', '', 'password', 0, 0, '', ''),
(187, 'Olalekan Islamiat Aanuoluwapo', 'female', 'QSI/319910', 4, 5, 3, '2008-01-10', 0, '', '', '', '', '20/Mar/2022', '', 'password', 0, 0, '', ''),
(188, 'Olaniran Hikmat Olajumoke', 'female', 'QSI/486447', 4, 5, 3, '2007-12-05', 0, '', '', '', '', '20/Mar/2022', '', 'password', 0, 0, '', ''),
(189, 'Olaniyi Eniola Rebecca', 'female', 'QSI/152513', 4, 5, 3, '', 0, '', '', '', '', '20/Mar/2022', '', 'password', 0, 0, '', ''),
(190, 'Olaniyi Rejoice Pamilerin', 'female', 'QSI/624590', 4, 5, 3, '2008-10-07', 0, '', '', '', '', '20/Mar/2022', '', 'password', 0, 0, '', ''),
(191, 'Olarinde Ibukun Victoria', 'female', 'QSI/701651', 4, 5, 3, '2008-02-03', 0, '', '', '', '', '20/Mar/2022', '', 'password', 0, 0, '', ''),
(192, 'Olasupo Rodiat Olamide', 'female', 'QSI/749898', 4, 5, 3, '2007-06-13', 0, '', '', '', '', '20/Mar/2022', '', 'password', 0, 0, '', ''),
(193, 'Olayiwola Rashidat Feranmi', 'female', 'QSI/930752', 4, 5, 3, '2007-05-21', 0, '', '', '', '', '20/Mar/2022', '', 'password', 0, 0, '', ''),
(194, 'Oleka Precious Mmesoma', 'female', 'QSI/888061', 4, 5, 3, '2008-10-12', 0, '', '', '', '', '20/Mar/2022', '', 'password', 0, 0, '', ''),
(195, 'Oloyede Blessing Elizabeth', 'female', 'QSI/302672', 4, 5, 3, '2007-05-05', 0, '', '', '', '', '20/Mar/2022', '', 'password', 0, 0, '', ''),
(196, 'Oluwaseun Esther Odunayo', 'female', 'QSI/64677', 4, 5, 3, '2008-12-02', 0, '', '', '', '', '20/Mar/2022', '', 'password', 0, 0, '', ''),
(197, 'Oni Elizabeth Iyanuoluwa', 'female', 'QSI/186651', 4, 5, 3, '2009-06-03', 0, '', '', '', '', '20/Mar/2022', '', 'password', 0, 0, '', ''),
(198, 'Onifade Adesola Fatimah', 'female', 'QSI/212271', 4, 5, 3, '2009-03-31', 0, '', '', '', '', '20/Mar/2022', '', 'password', 0, 0, '', ''),
(199, 'Oniyire Ifeoluwa Esther', 'female', 'QSI/260008', 4, 5, 3, '2005-10-17', 0, '', '', '', '', '20/Mar/2022', '', 'password', 0, 0, '', ''),
(200, 'Oseni Barakat Oyindamola', 'female', 'QSI/834141', 4, 5, 3, '2007-03-11', 0, '', '', '', '', '20/Mar/2022', '', 'password', 0, 0, '', ''),
(201, 'Oseni Shalom Dolapo', 'female', 'QSI/458683', 4, 5, 3, '2008-06-07', 0, '', '', '', '', '20/Mar/2022', '', 'password', 0, 0, '', ''),
(202, 'Oyedemi Moyinoluwa Maria', 'female', 'QSI/307798', 4, 5, 3, '2008-03-21', 0, '', '', '', '', '20/Mar/2022', '', 'password', 0, 0, '', ''),
(203, 'Rasaq Rukayat Olamide', 'female', 'QSI/869286', 4, 5, 3, '2008-04-08', 0, '', '', '', '', '20/Mar/2022', '', 'password', 0, 0, '', ''),
(204, 'Salahudeen Munimah Aderinsola', 'female', 'QSI/42947', 4, 5, 3, '2008-05-24', 0, '', '', '', '', '20/Mar/2022', '', 'password', 0, 0, '', ''),
(205, 'Seteolu Aishat Ajoke', 'female', 'QSI/57375', 4, 5, 3, '2008-04-13', 0, '', '', '', '', '20/Mar/2022', '', 'password', 0, 0, '', ''),
(206, 'Shakirullahi Rodiat Adeola', 'female', 'QSI/376716', 4, 5, 3, '2007-11-11', 0, '', '', '', '', '20/Mar/2022', '', 'password', 0, 0, '', ''),
(207, 'Shuaib Ikimot Oyinkansola', 'female', 'QSI/572034', 4, 5, 3, '2007-07-07', 0, '', '', '', '', '20/Mar/2022', '', 'password', 0, 0, '', ''),
(208, 'Sunday Ayomide Oreoluwa', 'female', 'QSI/35814', 4, 5, 3, '2008-12-16', 0, '', '', '', '', '20/Mar/2022', '', 'password', 0, 0, '', ''),
(209, 'Yohanna Rejoice Lauraba ', 'female', 'QSI/760739', 4, 5, 3, '2007-08-07', 0, '', '', '', '', '20/Mar/2022', '', 'password', 0, 0, '', ''),
(210, 'Wahab Oluwatunmise Taofikat', 'female', 'QSI/513147', 4, 5, 3, '2007-09-05', 0, '', '', '', '', '20/Mar/2022', '', 'password', 0, 0, '', ''),
(211, 'Yakeen Aishat Abolore', 'female', 'QSI/356757', 4, 5, 3, '2009-11-19', 0, '', '', '', '', '20/Mar/2022', '', 'password', 0, 0, '', ''),
(212, 'Bankole Opeyemi Shalom', 'female', 'QSI/994756', 4, 5, 3, '2008-03-07', 0, '', '', '', '', '20/Mar/2022', '', 'password', 0, 0, '', ''),
(213, 'Adesokan Temitope Barakat', 'female', 'QSI/414657', 4, 5, 3, '2008-05-07', 0, '', '', '', '', '20/Mar/2022', '', 'password', 0, 0, '', ''),
(214, 'Popoola Marvellous ', 'female', 'QSI/219906', 4, 5, 3, '', 0, '', '', '', '', '20/Mar/2022', '', 'password', 0, 0, '', ''),
(215, 'Jacob Marvellous Princess', 'female', 'QSI/953110', 4, 5, 3, '2006-12-20', 0, '', '', '', '', '20/Mar/2022', '', 'password', 0, 0, '', ''),
(216, 'Abass Motunrayo Anuoluwapo', 'female', 'QSI/314216', 5, 2, 3, '2005-09-30', 0, '', '', '', '', '21/Mar/2022', '', 'password', 0, 0, '', ''),
(217, 'Abdulhamid Fathia', 'female', 'QSI/443247', 5, 2, 3, '2008-02-28', 0, '', '', '', '', '21/Mar/2022', '', 'password', 0, 0, '', ''),
(218, 'Abdullateef Asmau Folashade', 'female', 'QSI/660621', 5, 2, 3, '2005-11-14', 0, '', '', '', '', '21/Mar/2022', '', 'password', 0, 0, '', ''),
(219, 'AbdulWahab Aisha', 'female', 'QSI/944795', 5, 2, 3, '2008-08-05', 0, '', '', '', '', '21/Mar/2022', '', 'password', 0, 0, '', ''),
(220, 'Abimbola Omotolani', 'female', 'QSI/887782', 5, 2, 3, '2007-09-10', 0, '', '', '', '', '21/Mar/2022', '', 'password', 0, 0, '', ''),
(221, 'Abonyi Precious Benedicta', 'female', 'QSI/148844', 5, 2, 3, '2006-06-29', 0, '', '', '', '', '21/Mar/2022', '', 'password', 0, 0, '', ''),
(222, 'Adebayo Mary', 'female', 'QSI/388197', 5, 2, 3, '2004-12-15', 0, '', '', '', '', '21/Mar/2022', '', 'password', 0, 0, '', ''),
(223, 'Adebiyi Darasimi Ewaoluwa', 'female', 'QSI/755', 5, 2, 3, '2008-08-30', 0, '', '', '', '', '21/Mar/2022', '', 'password', 0, 0, '', ''),
(224, 'Adedeji Opemipo Moyinoluwa', 'female', 'QSI/367632', 5, 2, 3, '2006-08-24', 0, '', '', '', '', '21/Mar/2022', '', 'password', 0, 0, '', ''),
(225, 'Adekoya Temiloluwa Rosemary', 'female', 'QSI/545378', 5, 2, 3, '2007-12-05', 0, '', '', '', '', '21/Mar/2022', '', 'password', 0, 0, '', ''),
(226, 'Adelabu Mary', 'female', 'QSI/376053', 5, 2, 3, '0207-12-24', 0, '', '', '', '', '21/Mar/2022', '', 'password', 0, 0, '', ''),
(227, 'Adeleke Adetayo Victoria', 'female', 'QSI/68085', 5, 2, 3, '2006-11-06', 0, '', '', '', '', '21/Mar/2022', '', 'password', 0, 0, '', ''),
(228, 'Adeniyi Winner', 'female', 'QSI/901123', 5, 2, 3, '2007-10-24', 0, '', '', '', '', '21/Mar/2022', '', 'password', 0, 0, '', ''),
(229, 'Adepoju Favour', 'female', 'QSI/832468', 5, 2, 3, '2006-09-04', 0, '', '', '', '', '21/Mar/2022', '', 'password', 0, 0, '', ''),
(230, 'Afolabi Abigeal Oluwatobilola', 'female', 'QSI/921207', 5, 2, 3, '2007-09-13', 0, '', '', '', '', '21/Mar/2022', '', 'password', 0, 0, '', ''),
(231, 'Alayande Omowunmi', 'female', 'QSI/533230', 5, 2, 3, '2007-01-08', 0, '', '', '', '', '21/Mar/2022', '', 'password', 0, 0, '', ''),
(232, 'Aminu Aliyah Omotolani', 'female', 'QSI/714779', 5, 2, 3, '2006-09-22', 0, '', '', '', '', '21/Mar/2022', '', 'password', 0, 0, '', ''),
(233, 'Amuda Kafilat Oluwafunmilayo', 'female', 'QSI/526945', 5, 2, 3, '2006-09-11', 0, '', '', '', '', '21/Mar/2022', '', 'password', 0, 0, '', ''),
(234, 'Animasaun Sofiat', 'female', 'QSI/281416', 5, 2, 3, '2006-10-05', 0, '', '', '', '', '21/Mar/2022', '', 'password', 0, 0, '', ''),
(235, 'Arowobusoye  Funmilayo', 'female', 'QSI/177711', 5, 2, 3, '2007-03-22', 0, '', '', '', '', '21/Mar/2022', '', 'password', 0, 0, '', ''),
(236, 'Babaunde Jenifer Idunuoluwa', 'female', 'QSI/145276', 5, 2, 3, '2006-04-12', 0, '', '', '', '', '21/Mar/2022', '', 'password', 0, 0, '', ''),
(237, 'Daniel Ada Deborah', 'female', 'QSI/781732', 5, 2, 3, '2006-05-06', 0, '', '', '', '', '21/Mar/2022', '', 'password', 0, 0, '', ''),
(238, 'Dopamu Rokibat', 'female', 'QSI/84200', 5, 2, 3, '2007-01-10', 0, '', '', '', '', '21/Mar/2022', '', 'password', 0, 0, '', ''),
(239, 'Fagbamila Mojurereoluwa', 'female', 'QSI/183773', 5, 2, 3, '2006-12-15', 0, '', '', '', '', '21/Mar/2022', '', 'password', 0, 0, '', ''),
(240, 'George Agnes', 'female', 'QSI/754626', 5, 2, 3, '2006-05-24', 0, '', '', '', '', '21/Mar/2022', '', 'password', 0, 0, '', ''),
(241, 'Hamzat Fathia Omoyetunde', 'female', 'QSI/320719', 5, 2, 3, '2007-03-23', 0, '', '', '', '', '21/Mar/2022', '', 'password', 0, 0, '', ''),
(242, 'Ibrahim Olaide', 'female', 'QSI/942962', 5, 2, 3, '2007-02-18', 0, '', '', '', '', '21/Mar/2022', '', 'password', 0, 0, '', ''),
(243, 'Idris Mozeedat Oluwanifemi', 'female', 'QSI/147069', 5, 2, 3, '2006-03-21', 0, '', '', '', '', '21/Mar/2022', '', 'password', 0, 0, '', ''),
(244, 'Jayeola Damilola', 'female', 'QSI/186714', 5, 2, 3, '2005-10-18', 0, '', '', '', '', '21/Mar/2022', '', 'password', 0, 0, '', ''),
(245, 'Johnson Semilore', 'female', 'QSI/726080', 5, 2, 3, '2007-09-23', 0, '', '', '', '', '21/Mar/2022', '', 'password', 0, 0, '', ''),
(246, 'Jolaoso Aliyat Omowunmi', 'female', 'QSI/435019', 5, 2, 3, '2007-06-11', 0, '', '', '', '', '21/Mar/2022', '', 'password', 0, 0, '', ''),
(247, 'Joseph Success', 'female', 'QSI/975969', 5, 2, 3, '2008-06-27', 0, '', '', '', '', '21/Mar/2022', '', 'password', 0, 0, '', ''),
(248, 'Lawal Wuraola Zainab', 'female', 'QSI/681008', 5, 2, 3, '2007-01-28', 0, '', '', '', '', '21/Mar/2022', '', 'password', 0, 0, '', ''),
(249, 'Mozie Mercy', 'female', 'QSI/438958', 5, 2, 3, '2007-07-10', 0, '', '', '', '', '21/Mar/2022', '', 'password', 0, 0, '', ''),
(250, 'Muhammed Shifau', 'female', 'QSI/336398', 5, 2, 3, '2006-06-06', 0, '', '', '', '', '21/Mar/2022', '', 'password', 0, 0, '', ''),
(251, 'Nathaniel Wuraola', 'female', 'QSI/894658', 5, 2, 3, '2009-03-01', 0, '', '', '', '', '21/Mar/2022', '', 'password', 0, 0, '', ''),
(252, 'Nuokeji Praise ', 'female', 'QSI/229561', 5, 2, 3, '2006-07-15', 0, '', '', '', '', '21/Mar/2022', '', 'password', 0, 0, '', ''),
(253, 'Obabiyi Neimah', 'female', 'QSI/175127', 5, 2, 3, '2006-12-19', 0, '', '', '', '', '21/Mar/2022', '', 'password', 0, 0, '', ''),
(254, 'Obi Cynthia Chioma', 'female', 'QSI/991547', 5, 2, 3, '2006-06-06', 0, '', '', '', '', '21/Mar/2022', '', 'password', 0, 0, '', ''),
(255, 'Odebiyi Naheemat Olamide', 'female', 'QSI/147274', 5, 2, 3, '2007-10-15', 0, '', '', '', '', '21/Mar/2022', '', 'password', 0, 0, '', ''),
(256, 'Odubiyi Modinat', 'female', 'QSI/318621', 5, 2, 3, '2007-11-23', 0, '', '', '', '', '21/Mar/2022', '', 'password', 0, 0, '', ''),
(257, 'Ogundare Bolatito Grace', 'female', 'QSI/824199', 5, 2, 3, '2007-04-28', 0, '', '', '', '', '21/Mar/2022', '', 'password', 0, 0, '', ''),
(258, 'Ogunwemimo Anjola Precious', 'female', 'QSI/264216', 5, 2, 3, '2007-05-21', 0, '', '', '', '', '21/Mar/2022', '', 'password', 0, 0, '', ''),
(259, 'Ojo Abisola Oluwabunmi', 'female', 'QSI/330154', 5, 2, 3, '2007-09-11', 0, '', '', '', '', '21/Mar/2022', '', 'password', 0, 0, '', ''),
(260, 'Okoromadu Adama Oluchi', 'female', 'QSI/385867', 5, 2, 3, '2006-06-16', 0, '', '', '', '', '21/Mar/2022', '', 'password', 0, 0, '', ''),
(261, 'Okunola Mary Oluwatosin', 'female', 'QSI/96037', 5, 2, 3, '2006-12-20', 0, '', '', '', '', '21/Mar/2022', '', 'password', 0, 0, '', ''),
(262, 'Olajide Joy', 'female', 'QSI/167796', 5, 2, 3, '', 0, '', '', '', '', '21/Mar/2022', '', 'password', 0, 0, '', ''),
(263, 'Olasupo Olamide Omowonuola', 'female', 'QSI/293127', 5, 2, 3, '2008-05-06', 0, '', '', '', '', '21/Mar/2022', '', 'password', 0, 0, '', ''),
(264, 'Omitomo Feranmi Mary', 'female', 'QSI/576040', 5, 2, 3, '2007-10-11', 0, '', '', '', '', '21/Mar/2022', '', 'password', 0, 0, '', ''),
(265, 'Omobola Winner', 'female', 'QSI/569171', 5, 2, 3, '2007-07-28', 0, '', '', '', '', '21/Mar/2022', '', 'password', 0, 0, '', ''),
(266, 'Onaolapo Ayoola Racheal', 'female', 'QSI/173526', 5, 2, 3, '2008-01-08', 0, '', '', '', '', '21/Mar/2022', '', 'password', 0, 0, '', ''),
(267, 'Onafuye Deborah', 'female', 'QSI/931481', 5, 2, 3, '2005-01-04', 0, '', '', '', '', '21/Mar/2022', '', 'password', 0, 0, '', ''),
(268, 'Raji YusrahOlabisi', 'female', 'QSI/258201', 5, 2, 3, '2007-05-09', 0, '', '', '', '', '21/Mar/2022', '', 'password', 0, 0, '', ''),
(269, 'Salami Darasimi Ayokunmi', 'female', 'QSI/626552', 5, 2, 3, '2008-04-28', 0, '', '', '', '', '21/Mar/2022', '', 'password', 0, 0, '', ''),
(270, 'Salisu Asmau Husna', 'female', 'QSI/593661', 5, 2, 3, '2008-04-14', 0, '', '', '', '', '21/Mar/2022', '', 'password', 0, 0, '', ''),
(271, 'Taiwo Mary Jomiloju', 'female', 'QSI/293634', 5, 2, 3, '2007-07-02', 0, '', '', '', '', '21/Mar/2022', '', 'password', 0, 0, '', ''),
(272, 'Vincent Elizabeth Precious ', 'female', 'QSI/901211', 5, 2, 3, '2007-07-03', 0, '', '', '', '', '21/Mar/2022', '', 'password', 0, 0, '', ''),
(273, 'Yunus Rodiat Odunayo', 'female', 'QSI/812615', 5, 2, 3, '2006-12-03', 0, '', '', '', '', '21/Mar/2022', '', 'password', 0, 0, '', ''),
(274, 'Yusuff Haliya Oluwanifemi', 'female', 'QSI/814670', 5, 2, 3, '2008-10-02', 0, '', '', '', '', '21/Mar/2022', '', 'password', 0, 0, '', ''),
(275, 'Yekini Funmilayo', 'female', 'QSI/606774', 5, 2, 3, '2005-12-28', 0, '', '', '', '', '21/Mar/2022', '', 'password', 0, 0, '', ''),
(276, 'Abideen Toyibah Adewonuola', 'female', 'QSI/583888', 4, 1, 3, '2007-07-02', 0, '', '', '', '', '21/Mar/2022', '', 'password', 0, 0, '', ''),
(277, 'Abiodun Mistura Ajoke', 'female', 'QSI/53544', 4, 1, 3, '2007-09-17', 0, '', '', '', '', '21/Mar/2022', '', 'password', 0, 0, '', ''),
(278, 'Abolaji Zainab Olabisi', 'female', 'QSI/217372', 4, 1, 3, '2007-10-10', 0, '', '', '', '', '21/Mar/2022', '', 'password', 0, 0, '', ''),
(279, 'Adedapo Semilore Esther ', 'female', 'QSI/685725', 4, 1, 3, '2006-04-08', 0, '', '', '', '', '21/Mar/2022', '', 'password', 0, 0, '', ''),
(280, 'Adebayo Aliyah Abiodun', 'female', 'QSI/566948', 4, 1, 3, '2007-10-01', 0, '', '', '', '', '21/Mar/2022', '', 'password', 0, 0, '', ''),
(281, 'Adedeji Ameerah Kofoworola', 'female', 'QSI/987079', 4, 1, 3, '2009-04-26', 0, '', '', '', '', '21/Mar/2022', '', 'password', 0, 0, '', ''),
(282, 'Adediran Aishat Olaronke', 'female', 'QSI/668962', 4, 1, 3, '2009-01-07', 0, '', '', '', '', '21/Mar/2022', '', 'password', 0, 0, '', ''),
(283, 'Adegbola Khadijah Amirah', 'female', 'QSI/229957', 4, 1, 3, '2008-07-17', 0, '', '', '', '', '21/Mar/2022', '', 'password', 0, 0, '', ''),
(284, 'Adekunle Kabirat Omotoyosi ', 'female', 'QSI/886315', 4, 1, 3, '2006-12-08', 0, '', '', '', '', '21/Mar/2022', '', 'password', 0, 0, '', ''),
(285, 'Adeneye Hassanat Adeshola', 'female', 'QSI/987950', 4, 1, 3, '2008-05-22', 0, '', '', '', '', '21/Mar/2022', '', 'password', 0, 0, '', ''),
(286, 'Adeoye Aduragbemi Rebbeca', 'female', 'QSI/308252', 4, 1, 3, '2007-09-10', 0, '', '', '', '', '21/Mar/2022', '', 'password', 0, 0, '', ''),
(287, 'Afolabi Marvellous Olayinka', 'female', 'QSI/529709', 4, 1, 3, '', 0, '', '', '', '', '21/Mar/2022', '', 'password', 0, 0, '', ''),
(288, 'Ajayi Esther Mercy', 'female', 'QSI/665656', 4, 1, 3, '', 0, '', '', '', '', '21/Mar/2022', '', 'password', 0, 0, '', ''),
(289, 'Akinbolude Veronica Funmilayo', 'female', 'QSI/215415', 4, 1, 3, '2007-09-19', 0, '', '', '', '', '21/Mar/2022', '', 'password', 0, 0, '', ''),
(290, 'Alao Ayatulahi Olajumoke', 'female', 'QSI/442027', 4, 1, 3, '2009-04-29', 0, '', '', '', '', '21/Mar/2022', '', 'password', 0, 0, '', ''),
(291, 'Ali Zulaikha Feyisayo', 'female', 'QSI/206268', 4, 1, 3, '2008-11-27', 0, '', '', '', '', '21/Mar/2022', '', 'password', 0, 0, '', ''),
(292, 'Atoyebi Blessing Adelokiki', 'female', 'QSI/722613', 4, 1, 3, '2007-12-27', 0, '', '', '', '', '21/Mar/2022', '', 'password', 0, 0, '', ''),
(293, 'Audu Boluwatife Grace', 'female', 'QSI/752935', 4, 1, 3, '2007-03-22', 0, '', '', '', '', '21/Mar/2022', '', 'password', 0, 0, '', ''),
(294, 'Ayinla Pamilerin Damilola', 'female', 'QSI/959828', 4, 1, 3, '2008-09-02', 0, '', '', '', '', '21/Mar/2022', '', 'password', 0, 0, '', ''),
(295, 'Ayodeji Pelumi Peace', 'female', 'QSI/213977', 4, 1, 3, '2007-08-19', 0, '', '', '', '', '21/Mar/2022', '', 'password', 0, 0, '', ''),
(296, 'Awotuyi Beatrice Abimbola', 'female', 'QSI/882133', 4, 1, 3, '2010-08-27', 0, '', '', '', '', '21/Mar/2022', '', 'password', 0, 0, '', ''),
(297, 'Babatunde Hikimat Funmilayo', 'female', 'QSI/754255', 4, 1, 3, '2008-10-11', 0, '', '', '', '', '21/Mar/2022', '', 'password', 0, 0, '', ''),
(298, 'Badamosi Barakat Bolatito', 'female', 'QSI/634871', 4, 1, 3, '2008-11-08', 0, '', '', '', '', '21/Mar/2022', '', 'password', 0, 0, '', ''),
(299, 'Badmus Oyindamola Aishat', 'female', 'QSI/602366', 4, 1, 3, '2008-09-27', 0, '', '', '', '', '21/Mar/2022', '', 'password', 0, 0, '', ''),
(300, 'Bakare Faizat Omowunmi', 'female', 'QSI/182073', 4, 1, 3, '2007-05-18', 0, '', '', '', '', '21/Mar/2022', '', 'password', 0, 0, '', ''),
(301, 'Busari Dunsin Tomiwa', 'female', 'QSI/430089', 4, 1, 3, '2005-11-28', 0, '', '', '', '', '21/Mar/2022', '', 'password', 0, 0, '', ''),
(302, 'Dacosta Deborah Iyanuoluwa', 'female', 'QSI/8629', 4, 1, 3, '2008-04-06', 0, '', '', '', '', '21/Mar/2022', '', 'password', 0, 0, '', ''),
(303, 'Durowoju Christianah Eniola', 'female', 'QSI/79518', 4, 1, 3, '2008-07-06', 0, '', '', '', '', '21/Mar/2022', '', 'password', 0, 0, '', ''),
(304, 'Duyilemi Oluwanifemi Oluwasemilore', 'female', 'QSI/212824', 4, 1, 3, '2009-10-16', 0, '', '', '', '', '21/Mar/2022', '', 'password', 0, 0, '', ''),
(305, 'Fadugba Olaomoju Hamidah', 'female', 'QSI/252449', 4, 1, 3, '2008-03-28', 0, '', '', '', '', '21/Mar/2022', '', 'password', 0, 0, '', ''),
(306, 'Folaranmi Saidat Opeyemi', 'female', 'QSI/196645', 4, 1, 3, '2007-07-07', 0, '', '', '', '', '21/Mar/2022', '', 'password', 0, 0, '', ''),
(307, 'Ilesanmi Eniola Ibukunoluwa', 'female', 'QSI/318948', 4, 1, 3, '2007-08-23', 0, '', '', '', '', '21/Mar/2022', '', 'password', 0, 0, '', ''),
(308, 'Jimoh Zainab Omotolani', 'female', 'QSI/295334', 4, 1, 3, '2007-12-30', 0, '', '', '', '', '21/Mar/2022', '', 'password', 0, 0, '', ''),
(309, 'Kilani Aishat Damilola', 'female', 'QSI/231550', 4, 1, 3, '2006-12-15', 0, '', '', '', '', '21/Mar/2022', '', 'password', 0, 0, '', ''),
(310, 'Lukman Kareemat Ayomide', 'female', 'QSI/59407', 4, 1, 3, '2007-03-11', 0, '', '', '', '', '21/Mar/2022', '', 'password', 0, 0, '', ''),
(311, 'Maruf  Maryam Atoke', 'female', 'QSI/357705', 4, 1, 3, '2008-05-30', 0, '', '', '', '', '21/Mar/2022', '', 'password', 0, 0, '', ''),
(312, 'Mikhail Ajarah Romoke ', 'female', 'QSI/159338', 4, 1, 3, '2008-08-01', 0, '', '', '', '', '21/Mar/2022', '', 'password', 0, 0, '', ''),
(313, 'Odebiyi Zeenat Ibidun', 'female', 'QSI/594537', 4, 1, 3, '2008-05-11', 0, '', '', '', '', '21/Mar/2022', '', 'password', 0, 0, '', ''),
(314, 'Oduola Alimat Olanike', 'female', 'QSI/735717', 4, 1, 3, '2008-05-06', 0, '', '', '', '', '21/Mar/2022', '', 'password', 0, 0, '', ''),
(315, 'Odularu Hannah Motunrayo', 'female', 'QSI/367693', 4, 1, 3, '2007-04-28', 0, '', '', '', '', '21/Mar/2022', '', 'password', 0, 0, '', ''),
(316, 'Ogundepo Elizabeth Funmilayo ', 'female', 'QSI/383663', 4, 1, 3, '2007-12-09', 0, '', '', '', '', '21/Mar/2022', '', 'password', 0, 0, '', ''),
(317, 'Ogunlade Mary Ibukunoluwa', 'female', 'QSI/592584', 4, 1, 3, '2008-11-20', 0, '', '', '', '', '21/Mar/2022', '', 'password', 0, 0, '', ''),
(318, 'Ojeniran Ifeoluwa Dorcas', 'female', 'QSI/58254', 4, 1, 3, '2009-05-08', 0, '', '', '', '', '21/Mar/2022', '', 'password', 0, 0, '', ''),
(319, 'Ojo Ruth Anjola', 'female', 'QSI/162993', 4, 1, 3, '2007-01-22', 0, '', '', '', '', '21/Mar/2022', '', 'password', 0, 0, '', ''),
(320, 'Oke-Lawal Morountojufoluwa', 'female', 'QSI/760506', 4, 1, 3, '2008-09-18', 0, '', '', '', '', '21/Mar/2022', '', 'password', 0, 0, '', ''),
(321, 'Okereke Amarachi Comfort', 'female', 'QSI/920821', 4, 1, 3, '2008-05-16', 0, '', '', '', '', '21/Mar/2022', '', 'password', 0, 0, '', ''),
(322, 'Okunade Oluwakemi Ifeoluwa', 'female', 'QSI/257843', 4, 1, 3, '2008-08-09', 0, '', '', '', '', '21/Mar/2022', '', 'password', 0, 0, '', ''),
(323, 'Oladimeji Temitayo Esther', 'female', 'QSI/477928', 4, 1, 3, '', 0, '', '', '', '', '21/Mar/2022', '', 'password', 0, 0, '', ''),
(324, 'Oladipo Esther Favour', 'female', 'QSI/35661', 4, 1, 3, '2008-09-14', 0, '', '', '', '', '21/Mar/2022', '', 'password', 0, 0, '', ''),
(325, 'Oladiti Sumayah Bolanle', 'female', 'QSI/308177', 4, 1, 3, '2006-03-23', 0, '', '', '', '', '21/Mar/2022', '', 'password', 0, 0, '', ''),
(326, 'Oladoyin Morufat Opeyemi', 'female', 'QSI/809956', 4, 1, 3, '2005-05-04', 0, '', '', '', '', '21/Mar/2022', '', 'password', 0, 0, '', ''),
(327, 'Oladunmoye Abosede Dorcas', 'female', 'QSI/246188', 4, 1, 3, '2008-06-01', 0, '', '', '', '', '21/Mar/2022', '', 'password', 0, 0, '', ''),
(328, 'Olaniyi Basirat Titilayo ', 'female', 'QSI/845451', 4, 1, 3, '2007-11-12', 0, '', '', '', '', '21/Mar/2022', '', 'password', 0, 0, '', ''),
(329, 'Olojede Aminat Adedoyin', 'female', 'QSI/453826', 4, 1, 3, '2008-11-24', 0, '', '', '', '', '21/Mar/2022', '', 'password', 0, 0, '', ''),
(330, 'Oloyede Ifeoluwa Morufat', 'female', 'QSI/325574', 4, 1, 3, '2008-06-03', 0, '', '', '', '', '21/Mar/2022', '', 'password', 0, 0, '', ''),
(331, 'Oluwatosin Ebunlomo Racheal', 'female', 'QSI/972650', 4, 1, 3, '2008-02-13', 0, '', '', '', '', '21/Mar/2022', '', 'password', 0, 0, '', ''),
(332, 'Oluwole Precious Funke', 'female', 'QSI/660752', 4, 1, 3, '2008-03-31', 0, '', '', '', '', '21/Mar/2022', '', 'password', 0, 0, '', ''),
(333, 'Oyebanji Ifeoluwa', 'female', 'QSI/286138', 4, 1, 3, '2005-04-24', 0, '', '', '', '', '21/Mar/2022', '', 'password', 0, 0, '', ''),
(334, 'Oluyomi Praise Abisola', 'female', 'QSI/486665', 4, 1, 3, '2006-02-19', 0, '', '', '', '', '21/Mar/2022', '', 'password', 0, 0, '', ''),
(335, 'omoniyi Oluwaferanmi Elizabeth', 'female', 'QSI/562638', 4, 1, 3, '2008-02-22', 0, '', '', '', '', '21/Mar/2022', '', 'password', 0, 0, '', ''),
(336, 'Onaji Divine Ene', 'female', 'QSI/537148', 4, 1, 3, '2007-04-19', 0, '', '', '', '', '21/Mar/2022', '', 'password', 0, 0, '', ''),
(337, 'Otele Happiness', 'female', 'QSI/442562', 4, 1, 3, '2008-07-27', 0, '', '', '', '', '21/Mar/2022', '', 'password', 0, 0, '', ''),
(338, 'Otukoya Precious Adeola', 'female', 'QSI/650323', 4, 1, 3, '2008-05-26', 0, '', '', '', '', '21/Mar/2022', '', 'password', 0, 0, '', ''),
(339, 'Oyebola Azeezat Jumoke', 'female', 'QSI/307336', 4, 1, 3, '2007-04-29', 0, '', '', '', '', '21/Mar/2022', '', 'password', 0, 0, '', ''),
(340, 'Quadri Anat Ayomoposi', 'female', 'QSI/499802', 4, 1, 3, '2008-02-03', 0, '', '', '', '', '21/Mar/2022', '', 'password', 0, 0, '', ''),
(341, 'Raji Hikmah  Oyinkansola', 'female', 'QSI/552330', 4, 1, 3, '2008-02-03', 0, '', '', '', '', '21/Mar/2022', '', 'password', 0, 0, '', ''),
(342, 'Sanni Rahmatallah Omotoyosi', 'female', 'QSI/712920', 4, 1, 3, '2007-10-25', 0, '', '', '', '', '21/Mar/2022', '', 'password', 0, 0, '', ''),
(343, 'Sanusi Oluwadamillola Faidat', 'female', 'QSI/198902', 4, 1, 3, '', 0, '', '', '', '', '21/Mar/2022', '', 'password', 0, 0, '', ''),
(344, 'Shittu Khadijah Oluwasemilore', 'female', 'QSI/94956', 4, 1, 3, '2009-10-28', 0, '', '', '', '', '21/Mar/2022', '', 'password', 0, 0, '', ''),
(345, 'Thomas Ayomide Aduragbemi', 'female', 'QSI/234254', 4, 1, 3, '2008-03-06', 0, '', '', '', '', '21/Mar/2022', '', 'password', 0, 0, '', ''),
(346, 'Thomas Favour Aduragbemi', 'female', 'QSI/361373', 4, 1, 3, '2008-10-22', 0, '', '', '', '', '21/Mar/2022', '', 'password', 0, 0, '', ''),
(347, 'Uthman Hikmat Damilola', 'female', 'QSI/47124', 4, 1, 3, '2009-05-17', 0, '', '', '', '', '21/Mar/2022', '', 'password', 0, 0, '', ''),
(348, 'Yisa Ameerah Anjola', 'female', 'QSI/536792', 4, 1, 3, '2009-07-03', 0, '', '', '', '', '21/Mar/2022', '', 'password', 0, 0, '', ''),
(349, 'Yusuf Fathia Morenikeji', 'female', 'QSI/907294', 4, 1, 3, '2008-07-28', 0, '', '', '', '', '21/Mar/2022', '', 'password', 0, 0, '', ''),
(350, 'Abatan Racheal Temiloluwa', 'female', 'QSI/692403', 4, 2, 3, '2007-04-15', 0, '', '', '', '', '21/Mar/2022', '', 'password', 0, 0, '', ''),
(351, 'Abdulrahman Sumaya Ajoke', 'female', 'QSI/545523', 4, 2, 3, '2004-08-16', 0, '', '', '', '', '21/Mar/2022', '', 'password', 0, 0, '', '');
INSERT INTO `register` (`id`, `name`, `gender`, `code`, `class`, `arabic_class`, `session`, `dob`, `parent`, `job`, `email`, `phone`, `address`, `date`, `username`, `password`, `level`, `status`, `signature`, `image`) VALUES
(352, 'Abodunrin Esther Oluwasemilore', 'female', 'QSI/442726', 4, 2, 3, '2010-03-19', 0, '', '', '', '', '21/Mar/2022', '', 'password', 0, 0, '', ''),
(353, 'Adegbite Moyinoluwa  Esther', 'female', 'QSI/755380', 4, 2, 3, '2008-08-18', 0, '', '', '', '', '21/Mar/2022', '', 'password', 0, 0, '', ''),
(354, 'Adegoke Ikimat Bolatumi', 'female', 'QSI/282806', 4, 2, 3, '2007-09-29', 0, '', '', '', '', '21/Mar/2022', '', 'password', 0, 0, '', ''),
(355, 'Adedeji Goodness Oluwadarasimi', 'female', 'QSI/639970', 4, 2, 3, '2007-08-18', 0, '', '', '', '', '21/Mar/2022', '', 'password', 0, 0, '', ''),
(356, 'Adeyemi Esther Anjolaoluwa ', 'female', 'QSI/212079', 4, 2, 3, '2008-05-06', 0, '', '', '', '', '21/Mar/2022', '', 'password', 0, 0, '', ''),
(357, 'Adeyemi Omokunmi Oyindamola', 'female', 'QSI/619772', 4, 2, 3, '2009-02-05', 0, '', '', '', '', '21/Mar/2022', '', 'password', 0, 0, '', ''),
(358, 'Adeyemi Oluwatoyin Deborah', 'female', 'QSI/817019', 4, 2, 3, '2007-10-13', 0, '', '', '', '', '21/Mar/2022', '', 'password', 0, 0, '', ''),
(359, 'Adeyemi Ademide Taiwo', 'female', 'QSI/34534', 4, 2, 3, '2007-05-26', 0, '', '', '', '', '21/Mar/2022', '', 'password', 0, 0, '', ''),
(360, 'Aderoju Esther Oluwatimileyin', 'female', 'QSI/926375', 4, 2, 3, '2008-09-24', 0, '', '', '', '', '21/Mar/2022', '', 'password', 0, 0, '', ''),
(361, 'Adeniyi Demilade Joy', 'female', 'QSI/255486', 4, 2, 3, '2008-08-14', 0, '', '', '', '', '21/Mar/2022', '', 'password', 0, 0, '', ''),
(362, 'Adeyemo Testimony Oluwabukunmi', 'female', 'QSI/461115', 4, 2, 3, '2007-10-30', 0, '', '', '', '', '21/Mar/2022', '', 'password', 0, 0, '', ''),
(363, 'Adepoju Aduragbemi Taiwo', 'female', 'QSI/643352', 4, 2, 3, '2008-04-24', 0, '', '', '', '', '21/Mar/2022', '', 'password', 0, 0, '', ''),
(364, 'Adigun Ruqqoyat Adeoti', 'female', 'QSI/122457', 4, 2, 3, '2008-01-06', 0, '', '', '', '', '21/Mar/2022', '', 'password', 0, 0, '', ''),
(365, 'Afenifere Roheemat Anuoluwapo', 'female', 'QSI/224074', 4, 2, 3, '2007-07-05', 0, '', '', '', '', '21/Mar/2022', '', 'password', 0, 0, '', ''),
(366, 'Ajadi Iretomiwa Shalom', 'female', 'QSI/31189', 4, 2, 3, '2008-05-16', 0, '', '', '', '', '21/Mar/2022', '', 'password', 0, 0, '', ''),
(367, 'Ajinomoh Daniella Ayomide', 'female', 'QSI/264042', 4, 2, 3, '2008-09-02', 0, '', '', '', '', '21/Mar/2022', '', 'password', 0, 0, '', ''),
(368, 'Akande Oluwaseun Yetunde ', 'female', 'QSI/412617', 4, 2, 3, '2008-11-10', 0, '', '', '', '', '21/Mar/2022', '', 'password', 0, 0, '', ''),
(369, 'Akiibinu Favour Oluwanifemi', 'female', 'QSI/23220', 4, 2, 3, '2007-03-14', 0, '', '', '', '', '21/Mar/2022', '', 'password', 0, 0, '', ''),
(370, 'Akintayo Kehinde Husseinah', 'female', 'QSI/122153', 4, 2, 3, '2008-04-17', 0, '', '', '', '', '21/Mar/2022', '', 'password', 0, 0, '', ''),
(371, 'Akintoye Damilola Elizabeth', 'female', 'QSI/386715', 4, 2, 3, '2006-04-25', 0, '', '', '', '', '21/Mar/2022', '', 'password', 0, 0, '', ''),
(372, 'Alabi Damilola Deborah ', 'female', 'QSI/787557', 4, 2, 3, '2008-10-20', 0, '', '', '', '', '21/Mar/2022', '', 'password', 0, 0, '', ''),
(373, 'Alabi Opeyemi Sukurah', 'female', 'QSI/136894', 4, 2, 3, '2007-02-02', 0, '', '', '', '', '21/Mar/2022', '', 'password', 0, 0, '', ''),
(374, 'Alake Oluwabukunmi Precious', 'female', 'QSI/94183', 4, 2, 3, '2008-09-29', 0, '', '', '', '', '21/Mar/2022', '', 'password', 0, 0, '', ''),
(375, 'Ayegbeso  Mosebolatan Hephzibah', 'female', 'QSI/383237', 4, 2, 3, '2008-08-03', 0, '', '', '', '', '21/Mar/2022', '', 'password', 0, 0, '', ''),
(376, 'Balogun Alimot Oluwafunmilayo', 'female', 'QSI/557744', 4, 2, 3, '2008-04-24', 0, '', '', '', '', '21/Mar/2022', '', 'password', 0, 0, '', ''),
(377, 'Ganiyu Favour Anuoluwapo', 'female', 'QSI/320057', 4, 2, 3, '2007-09-29', 0, '', '', '', '', '21/Mar/2022', '', 'password', 0, 0, '', ''),
(378, 'Jacob Esther Mofiyinfunoluwa', 'female', 'QSI/259054', 4, 2, 3, '2008-10-06', 0, '', '', '', '', '21/Mar/2022', '', 'password', 0, 0, '', ''),
(379, 'Kareem Oyindamola Bukola', 'female', 'QSI/616346', 4, 2, 3, '2004-08-16', 0, '', '', '', '', '21/Mar/2022', '', 'password', 0, 0, '', ''),
(380, 'Kolade Oyindamola Mary', 'female', 'QSI/567471', 4, 2, 3, '2007-06-24', 0, '', '', '', '', '21/Mar/2022', '', 'password', 0, 0, '', ''),
(381, 'Kolawole Taiwo Esther', 'female', 'QSI/729237', 4, 2, 3, '2008-04-04', 0, '', '', '', '', '21/Mar/2022', '', 'password', 0, 0, '', ''),
(382, 'Mimiko Jesutofunmi Wuraola', 'female', 'QSI/986546', 4, 2, 3, '2008-06-07', 0, '', '', '', '', '21/Mar/2022', '', 'password', 0, 0, '', ''),
(383, 'Obadimeji  Esther Oluwatosin', 'female', 'QSI/549410', 4, 2, 3, '2008-02-08', 0, '', '', '', '', '21/Mar/2022', '', 'password', 0, 0, '', ''),
(384, 'Obagunwa Deborah Ayomide ', 'female', 'QSI/588600', 4, 2, 3, '2008-07-18', 0, '', '', '', '', '21/Mar/2022', '', 'password', 0, 0, '', ''),
(385, 'Oladele Racheal Favour', 'female', 'QSI/585438', 4, 2, 3, '2008-04-07', 0, '', '', '', '', '21/Mar/2022', '', 'password', 0, 0, '', ''),
(386, 'Oladehinde Zeenat Ajoke', 'female', 'QSI/884294', 4, 2, 3, '2007-10-23', 0, '', '', '', '', '21/Mar/2022', '', 'password', 0, 0, '', ''),
(387, 'Oladimeji Aliyah Opeyemi', 'female', 'QSI/900269', 4, 2, 3, '2007-04-24', 0, '', '', '', '', '21/Mar/2022', '', 'password', 0, 0, '', ''),
(388, 'Oladipupo Faridat Eniola', 'female', 'QSI/444030', 4, 2, 3, '2009-07-01', 0, '', '', '', '', '21/Mar/2022', '', 'password', 0, 0, '', ''),
(389, 'Oladipupo Rodiat Opeyemi', 'female', 'QSI/174869', 4, 2, 3, '2008-01-19', 0, '', '', '', '', '21/Mar/2022', '', 'password', 0, 0, '', ''),
(390, 'Oladiti Ikmot Ayomide ', 'female', 'QSI/326613', 4, 2, 3, '2006-12-30', 0, '', '', '', '', '21/Mar/2022', '', 'password', 0, 0, '', ''),
(391, 'Olalere Rhoda Oluwapamilerin', 'female', 'QSI/103204', 4, 2, 3, '2008-09-10', 0, '', '', '', '', '21/Mar/2022', '', 'password', 0, 0, '', ''),
(392, 'Olaleye Eunice Faithfulness', 'female', 'QSI/589112', 4, 2, 3, '20088-05-08', 0, '', '', '', '', '21/Mar/2022', '', 'password', 0, 0, '', ''),
(393, 'Olaniyi Aderonke Rebecca', 'female', 'QSI/693981', 4, 2, 3, '2008-07-11', 0, '', '', '', '', '21/Mar/2022', '', 'password', 0, 0, '', ''),
(394, 'Olayinka Jehovah-dunsin Oreoluwa', 'female', 'QSI/56743', 4, 2, 3, '2008-04-27', 0, '', '', '', '', '21/Mar/2022', '', 'password', 0, 0, '', ''),
(395, 'Oluwafemi Aanuoluwapo Funmi', 'female', 'QSI/866394', 4, 2, 3, '2007-05-18', 0, '', '', '', '', '21/Mar/2022', '', 'password', 0, 0, '', ''),
(396, 'Oluwanisola Dorcas Oluwafunmilayo', 'female', 'QSI/543935', 4, 2, 3, '2007-01-06', 0, '', '', '', '', '21/Mar/2022', '', 'password', 0, 0, '', ''),
(397, 'Oludele Anuoluwapo Rhoda', 'female', 'QSI/421825', 4, 2, 3, '2007-12-23', 0, '', '', '', '', '21/Mar/2022', '', 'password', 0, 0, '', ''),
(398, 'Oluwole Hannah Oluwapelumi', 'female', 'QSI/442860', 4, 2, 3, '2008-01-18', 0, '', '', '', '', '21/Mar/2022', '', 'password', 0, 0, '', ''),
(399, 'Okupevi Ruth Mercy', 'female', 'QSI/127257', 4, 2, 3, '2008-06-06', 0, '', '', '', '', '21/Mar/2022', '', 'password', 0, 0, '', ''),
(400, 'Ogunlade Nifemi Olaitan ', 'female', 'QSI/916180', 4, 2, 3, '2007-11-11', 0, '', '', '', '', '21/Mar/2022', '', 'password', 0, 0, '', ''),
(401, 'Omolayo Kehinde Opemipo', 'female', 'QSI/239569', 4, 2, 3, '2007-10-23', 0, '', '', '', '', '21/Mar/2022', '', 'password', 0, 0, '', ''),
(402, 'Omolola Joy Aduragbemi', 'female', 'QSI/560790', 4, 2, 3, '2008-02-20', 0, '', '', '', '', '21/Mar/2022', '', 'password', 0, 0, '', ''),
(403, 'Owoade Ifeoluwa Faith', 'female', 'QSI/645342', 4, 2, 3, '2007-10-20', 0, '', '', '', '', '21/Mar/2022', '', 'password', 0, 0, '', ''),
(404, 'Owopade Oreoluwa Elizabeth', 'female', 'QSI/706400', 4, 2, 3, '2005-10-21', 0, '', '', '', '', '21/Mar/2022', '', 'password', 0, 0, '', ''),
(405, 'Osinaike Similoluwa Oluwatosin', 'female', 'QSI/568845', 4, 2, 3, '2007-02-22', 0, '', '', '', '', '21/Mar/2022', '', 'password', 0, 0, '', ''),
(406, 'Otemade Omolola Morenikeji', 'female', 'QSI/933240', 4, 2, 3, '2008-04-06', 0, '', '', '', '', '21/Mar/2022', '', 'password', 0, 0, '', ''),
(407, 'Oyebanji Folashade Nifemi ', 'female', 'QSI/520727', 4, 2, 3, '2008-01-25', 0, '', '', '', '', '21/Mar/2022', '', 'password', 0, 0, '', ''),
(408, 'Oyenuga Praise Moyosore ', 'female', 'QSI/620296', 4, 2, 3, '2008-07-19', 0, '', '', '', '', '21/Mar/2022', '', 'password', 0, 0, '', ''),
(409, 'Oyewole Aishat Olayemi', 'female', 'QSI/916500', 4, 2, 3, '2007-10-08', 0, '', '', '', '', '21/Mar/2022', '', 'password', 0, 0, '', ''),
(410, 'Shittu Warizat Eniola', 'female', 'QSI/375935', 4, 2, 3, '2007-09-02', 0, '', '', '', '', '21/Mar/2022', '', 'password', 0, 0, '', ''),
(411, 'Suleiman Afsat Omaye', 'female', 'QSI/534350', 4, 2, 3, '2007-06-23', 0, '', '', '', '', '21/Mar/2022', '', 'password', 0, 0, '', ''),
(412, 'Tajudeen Kabirat Motunrayo', 'female', 'QSI/769491', 4, 2, 3, '2008-08-25', 0, '', '', '', '', '21/Mar/2022', '', 'password', 0, 0, '', ''),
(413, 'Tejuoso Grace Opeyemi', 'female', 'QSI/374893', 4, 2, 3, '2008-04-03', 0, '', '', '', '', '21/Mar/2022', '', 'password', 0, 0, '', ''),
(414, 'Tijani Yetunde Mujidat', 'female', 'QSI/128031', 4, 2, 3, '2006-12-03', 0, '', '', '', '', '21/Mar/2022', '', 'password', 0, 0, '', ''),
(415, 'Tijani Boluwatife Rebecca', 'female', 'QSI/254639', 4, 2, 3, '2007-08-04', 0, '', '', '', '', '21/Mar/2022', '', 'password', 0, 0, '', ''),
(416, 'Abdulrofee Roheemah Olaitan', 'female', 'QSI/127008', 4, 3, 3, '2008-11-30', 0, '', '', '', '', '21/Mar/2022', '', 'password', 0, 0, '', ''),
(417, 'Abiodun Eniola Ibukun', 'female', 'QSI/314474', 4, 3, 3, '2007-01-06', 0, '', '', '', '', '21/Mar/2022', '', 'password', 0, 0, '', ''),
(418, 'Adebajo Abisola Mary', 'female', 'QSI/295433', 4, 3, 3, '2008-03-10', 0, '', '', '', '', '21/Mar/2022', '', 'password', 0, 0, '', ''),
(419, 'Adebusoye Precious Oluwaseun', 'female', 'QSI/552517', 4, 3, 3, '2008-11-03', 0, '', '', '', '', '21/Mar/2022', '', 'password', 0, 0, '', ''),
(420, 'Adediran Aishat omobolanle', 'female', 'QSI/517395', 4, 3, 3, '2006-09-24', 0, '', '', '', '', '21/Mar/2022', '', 'password', 0, 0, '', ''),
(421, 'Adeleke Yusoroh Adebisi', 'female', 'QSI/191036', 4, 3, 3, '2009-03-05', 0, '', '', '', '', '21/Mar/2022', '', 'password', 0, 0, '', ''),
(422, 'Adegoke Aliyah ', 'female', 'QSI/107232', 4, 3, 3, '2008-05-22', 0, '', '', '', '', '21/Mar/2022', '', 'password', 0, 0, '', ''),
(423, 'Adegboye Esther', 'female', 'QSI/614205', 4, 3, 3, '2007-06-08', 0, '', '', '', '', '21/Mar/2022', '', 'password', 0, 0, '', ''),
(424, 'Adeniyi Victory Bose', 'female', 'QSI/472743', 4, 3, 3, '2008-12-14', 0, '', '', '', '', '21/Mar/2022', '', 'password', 0, 0, '', ''),
(425, 'Adelusi Sikemi Oluwajomiloju', 'female', 'QSI/250687', 4, 3, 3, '2008-12-26', 0, '', '', '', '', '21/Mar/2022', '', 'password', 0, 0, '', ''),
(426, 'Adeseun Beatrice Motunrayo', 'female', 'QSI/550670', 4, 3, 3, '2007-10-16', 0, '', '', '', '', '21/Mar/2022', '', 'password', 0, 0, '', ''),
(427, 'Adekoya Convenant Rachael ', 'female', 'QSI/791762', 4, 3, 3, '2007-08-10', 0, '', '', '', '', '21/Mar/2022', '', 'password', 0, 0, '', ''),
(428, 'Adeniran Favour Ayomiposi', 'female', 'QSI/495326', 4, 3, 3, '2008-07-08', 0, '', '', '', '', '21/Mar/2022', '', 'password', 0, 0, '', ''),
(429, 'Adeshina Aishat Abiodun', 'female', 'QSI/235723', 4, 3, 3, '2008-03-24', 0, '', '', '', '', '21/Mar/2022', '', 'password', 0, 0, '', ''),
(430, 'Adeyi Olamide Jesuferanmi', 'female', 'QSI/478153', 4, 3, 3, '2008-03-12', 0, '', '', '', '', '21/Mar/2022', '', 'password', 0, 0, '', ''),
(431, 'Adewumi Adesola Oyinkansola ', 'female', 'QSI/907385', 4, 3, 3, '2008-03-30', 0, '', '', '', '', '21/Mar/2022', '', 'password', 0, 0, '', ''),
(432, 'Agboola Oluwadarasimi Mary', 'female', 'QSI/660089', 4, 3, 3, '2007-03-04', 0, '', '', '', '', '21/Mar/2022', '', 'password', 0, 0, '', ''),
(433, 'Agboola Grace Titilope', 'female', 'QSI/90610', 4, 3, 3, '2008-12-31', 0, '', '', '', '', '21/Mar/2022', '', 'password', 0, 0, '', ''),
(434, 'Agbaje Dolapo Anthonia', 'female', 'QSI/39745', 4, 3, 3, '2009-08-17', 0, '', '', '', '', '21/Mar/2022', '', 'password', 0, 0, '', ''),
(435, 'Afolabi Abigael Moyinoluwa', 'female', 'QSI/513951', 4, 3, 3, '2006-10-01', 0, '', '', '', '', '21/Mar/2022', '', 'password', 0, 0, '', ''),
(436, 'Ajala Ajoke Omolara', 'female', 'QSI/727098', 4, 3, 3, '2008-02-14', 0, '', '', '', '', '21/Mar/2022', '', 'password', 0, 0, '', ''),
(437, 'Ajeigbe Aanuoluwapo P', 'female', 'QSI/879846', 4, 3, 3, '2009-05-10', 0, '', '', '', '', '21/Mar/2022', '', 'password', 0, 0, '', ''),
(438, 'Alamu Faidat Aduragbemi ', 'female', 'QSI/102142', 4, 3, 3, '2007-09-16', 0, '', '', '', '', '21/Mar/2022', '', 'password', 0, 0, '', ''),
(439, 'Alao Bolaji Grace ', 'female', 'QSI/29402', 4, 3, 3, '2007-09-16', 0, '', '', '', '', '21/Mar/2022', '', 'password', 0, 0, '', ''),
(440, 'Akindele Helen Mosunmola', 'female', 'QSI/44715', 4, 3, 3, '2009-08-08', 0, '', '', '', '', '21/Mar/2022', '', 'password', 0, 0, '', ''),
(441, 'Akinrele Esther Oluwatoyin', 'female', 'QSI/457360', 4, 3, 3, '2007-06-15', 0, '', '', '', '', '21/Mar/2022', '', 'password', 0, 0, '', ''),
(442, 'Arawomo Victoria Ayobolanle', 'female', 'QSI/159960', 4, 3, 3, '2006-07-04', 0, '', '', '', '', '21/Mar/2022', '', 'password', 0, 0, '', ''),
(443, 'Aremu Faridah Teniola', 'female', 'QSI/739241', 4, 3, 3, '2008-07-19', 0, '', '', '', '', '21/Mar/2022', '', 'password', 0, 0, '', ''),
(444, 'Aregbesola Esther Folashade', 'female', 'QSI/399845', 4, 3, 3, '2008-10-14', 0, '', '', '', '', '21/Mar/2022', '', 'password', 0, 0, '', ''),
(445, 'Asonibare Ayotomi Damilola', 'female', 'QSI/716599', 4, 3, 3, '2008-05-21', 0, '', '', '', '', '21/Mar/2022', '', 'password', 0, 0, '', ''),
(446, 'Attie Esther Bright', 'female', 'QSI/444322', 4, 3, 3, '2009-04-14', 0, '', '', '', '', '21/Mar/2022', '', 'password', 0, 0, '', ''),
(447, 'Awelewa Boluwatife D', 'female', 'QSI/703899', 4, 3, 3, '2007-06-13', 0, '', '', '', '', '21/Mar/2022', '', 'password', 0, 0, '', ''),
(448, 'Badmus Bisola Favour', 'female', 'QSI/82250', 4, 3, 3, '2007-07-03', 0, '', '', '', '', '21/Mar/2022', '', 'password', 0, 0, '', ''),
(449, 'Bankole Oluwakemi Mary', 'female', 'QSI/488868', 4, 3, 3, '2007-08-06', 0, '', '', '', '', '21/Mar/2022', '', 'password', 0, 0, '', ''),
(450, 'Bashiru Rokeebah', 'female', 'QSI/876111', 4, 3, 3, '2007-12-06', 0, '', '', '', '', '21/Mar/2022', '', 'password', 0, 0, '', ''),
(451, 'Bamigboye Risqot Damilola', 'female', 'QSI/565336', 4, 3, 3, '2008-06-26', 0, '', '', '', '', '21/Mar/2022', '', 'password', 0, 0, '', ''),
(452, 'Cole Deborah Ifeoluwa', 'female', 'QSI/667217', 4, 3, 3, '2006-06-17', 0, '', '', '', '', '21/Mar/2022', '', 'password', 0, 0, '', ''),
(453, 'Enufo Taiwo Victoria', 'female', 'QSI/220889', 4, 3, 3, '2007-01-25', 0, '', '', '', '', '21/Mar/2022', '', 'password', 0, 0, '', ''),
(454, 'Eniayewu Jolajesu Grace', 'female', 'QSI/888204', 4, 3, 3, '2007-07-07', 0, '', '', '', '', '21/Mar/2022', '', 'password', 0, 0, '', ''),
(455, 'Fajuyigbe Fikemi Naomi', 'female', 'QSI/960562', 4, 3, 3, '2009-11-23', 0, '', '', '', '', '21/Mar/2022', '', 'password', 0, 0, '', ''),
(456, 'Friday Ifeoluwa Gift', 'female', 'QSI/213748', 4, 3, 3, '2008-12-31', 0, '', '', '', '', '21/Mar/2022', '', 'password', 0, 0, '', ''),
(457, 'Ganiyu Olaide Faith', 'female', 'QSI/194622', 4, 3, 3, '2007-07-15', 0, '', '', '', '', '21/Mar/2022', '', 'password', 0, 0, '', ''),
(458, 'Idowu Pelumi T', 'female', 'QSI/319291', 4, 3, 3, '2007-08-26', 0, '', '', '', '', '21/Mar/2022', '', 'password', 0, 0, '', ''),
(459, 'Isa Opeyemi Zainab', 'female', 'QSI/38661', 4, 3, 3, '2008-09-23', 0, '', '', '', '', '21/Mar/2022', '', 'password', 0, 0, '', ''),
(460, 'Iyiola Fathia Ajoke', 'female', 'QSI/177073', 4, 3, 3, '2009-06-20', 0, '', '', '', '', '21/Mar/2022', '', 'password', 0, 0, '', ''),
(461, 'James Faith Victoria', 'female', 'QSI/225504', 4, 3, 3, '2007-09-10', 0, '', '', '', '', '21/Mar/2022', '', 'password', 0, 0, '', ''),
(462, 'Joshua Ayomiposi Grace', 'female', 'QSI/887008', 4, 3, 3, '2009-05-24', 0, '', '', '', '', '21/Mar/2022', '', 'password', 0, 0, '', ''),
(463, 'Lateef Rashidat Morenikeji', 'female', 'QSI/940912', 4, 3, 3, '2006-09-14', 0, '', '', '', '', '21/Mar/2022', '', 'password', 0, 0, '', ''),
(464, 'Moshood Rokibat Omolola', 'female', 'QSI/757678', 4, 3, 3, '2009-09-02', 0, '', '', '', '', '22/Mar/2022', '', 'password', 0, 0, '', ''),
(465, 'Ndukwe Favour Onyinye', 'female', 'QSI/410696', 4, 3, 3, '2008-09-24', 0, '', '', '', '', '22/Mar/2022', '', 'password', 0, 0, '', ''),
(466, 'Ogunmola Favour Aimanoshi', 'female', 'QSI/581044', 4, 3, 3, '2008-08-28', 0, '', '', '', '', '22/Mar/2022', '', 'password', 0, 0, '', ''),
(467, 'Ogundare Pamilerin Itunu', 'female', 'QSI/876959', 4, 3, 3, '2008-09-03', 0, '', '', '', '', '22/Mar/2022', '', 'password', 0, 0, '', ''),
(468, 'Ojedele Abigael Rebecca', 'female', 'QSI/432081', 4, 3, 3, '2009-04-19', 0, '', '', '', '', '22/Mar/2022', '', 'password', 0, 0, '', ''),
(469, 'Ojo Sarah Temiloluwa', 'female', 'QSI/507456', 4, 3, 3, '2008-02-29', 0, '', '', '', '', '22/Mar/2022', '', 'password', 0, 0, '', ''),
(470, 'Oladimeji Aishat Olaitan', 'female', 'QSI/932857', 4, 3, 3, '2008-05-14', 0, '', '', '', '', '22/Mar/2022', '', 'password', 0, 0, '', ''),
(471, 'Olarenwaju Fatimoh  ', 'female', 'QSI/129036', 4, 3, 3, '2007-12-28', 0, '', '', '', '', '22/Mar/2022', '', 'password', 0, 0, '', ''),
(472, 'Olayiwola Ameerah Opeyemi', 'female', 'QSI/461125', 4, 3, 3, '2008-05-21', 0, '', '', '', '', '22/Mar/2022', '', 'password', 0, 0, '', ''),
(473, 'Oluwole Temilayo Ooreoluwa', 'female', 'QSI/208224', 4, 3, 3, '2009-02-26', 0, '', '', '', '', '22/Mar/2022', '', 'password', 0, 0, '', ''),
(474, 'Omowumi Omolola Blessing', 'female', 'QSI/900064', 4, 3, 3, '2009-05-26', 0, '', '', '', '', '22/Mar/2022', '', 'password', 0, 0, '', ''),
(475, 'Oyekunle Qowiyyah Adeola', 'female', 'QSI/988191', 4, 3, 3, '2008-11-17', 0, '', '', '', '', '22/Mar/2022', '', 'password', 0, 0, '', ''),
(497, 'Ak eema', 'male', 'FMSC/2205262', 3, 0, 1, '', 0, '', '', '', '', '13/May/2022', 'archimedes', '123456', 1, 1, 'fidelity heading.jpg', ''),
(498, 'Ak eem', 'female', 'FMSC/2205443', 2, 0, 1, '2022-05-28', 0, '', '', '', '', '13/May/2022', '', '', 1, 0, '', ''),
(499, 'Ak eem', 'male', 'FT2205123', 1, 0, 1, '2022-05-05', 0, '', '', '', '', '13/May/2022', '', '', 1, 0, '', ''),
(500, 'Kehinde Temilade Omolola', 'female', 'FT220567', 6, 0, 2, '1999-04-08', 0, '', '', '', '', '13/May/2022', '', '', 1, 0, '', ''),
(501, 'Temilade Omolola', 'female', 'FT220576', 5, 0, 3, '2022-05-11', 0, '', '', '', '', '13/May/2022', 'temmy', 'temmy', 2, 1, 'arabic head.PNG', ''),
(502, 'Temilade Ayomide', 'male', 'FT220573', 2, 0, 3, '2022-05-02', 0, '', '', '', '', '13/May/2022', '', '', 1, 0, '', ''),
(503, 'Kolejo Azeez', 'male', 'FT22050', 3, 0, 3, '2022-05-20', 0, '', '', '', '', '13/May/2022', '', '', 1, 0, '', ''),
(504, 'Kolawole Kayode', 'male', 'FT220510', 1, 0, 1, '2022-02-01', 0, '', '', '', '', '13/May/2022', '', '', 1, 0, '', ''),
(505, 'Ibrahim Qowiy', 'male', 'FT220548', 5, 0, 1, '2022-05-12', 0, '', '', '', '', '13/May/2022', '', '', 1, 0, '', ''),
(506, 'Ibrahim Qowiy', 'male', 'FT220592', 4, 0, 2, '2022-05-27', 0, '', '', '', '', '13/May/2022', '', '', 1, 0, '', ''),
(507, 'Ibrahim Qowiy', 'female', 'FT220590', 3, 0, 3, '2022-05-27', 0, '', '', '', '', '13/May/2022', '', '', 1, 0, '', ''),
(508, 'Ibrahim Ominiwe', 'male', 'FT220570', 2, 0, 1, '1111-11-11', 0, '', '', '', '', '13/May/2022', 'omi', 'omi123', 1, 1, '4503759.jpg', ''),
(509, 'Alonigbeja Jalaludeen hamzat', 'male', 'FT220524', 0, 0, 1, '2020-12-12', 0, '', '', '', '', '13/May/2022', '', '', 2, 0, '', ''),
(510, 'Agboola Mary', 'male', 'FP/2205995', 0, 0, 0, '', 0, '', 'akolayiwola@gmail.com', '+2348123456789', '', '17/May/2022', 'Mary', '1234', 3, 1, '', ''),
(511, 'Ak eem', 'female', 'FP/2205952', 0, 0, 0, '', 0, '', 'olayiwola@gmail.com', '+70814567', 'ocalhost/sonic/default.php\r\nocalhost/sonic/default.php', '17/May/2022', 'Ak', '12345', 3, 0, '', ''),
(512, 'Sonic', 'male', 'FMSC/3794', 1, 0, 1, '2022-05-20', 510, '', '', '', '', '17/May/2022', '', '', 0, 0, '', '4503759.jpg'),
(513, 'Bello', 'male', 'FP/220592', 0, 0, 0, '', 0, '', 'akolayiwola@gmail.com', '+70814567', '', '22/May/2022', 'Abello', '123456', 3, 1, '', ''),
(514, 'Olayiwola Malik Ademola', 'male', 'FMSC/9995', 2, 1, 1, '2022-06-17', 513, '', '', '', '', '01/Jun/2022', '', '', 0, 0, '', 'principle.jpg'),
(515, 'Olayiwola Malik Ademol', 'female', 'FMSC/6083', 2, 1, 1, '', 511, '', '', '', '', '01/Jun/2022', '', '', 0, 0, '', '2894038.jpg');

-- --------------------------------------------------------

--
-- Table structure for table `report`
--

CREATE TABLE `report` (
  `id` int(10) NOT NULL,
  `name` varchar(255) NOT NULL,
  `class` varchar(255) NOT NULL,
  `term` int(10) NOT NULL DEFAULT 1,
  `test` int(10) NOT NULL DEFAULT 0,
  `first` int(10) NOT NULL DEFAULT 0,
  `second` int(10) NOT NULL DEFAULT 0,
  `exam` int(10) NOT NULL DEFAULT 0
) ENGINE=InnoDB DEFAULT CHARSET=utf8mb4;

--
-- Dumping data for table `report`
--

INSERT INTO `report` (`id`, `name`, `class`, `term`, `test`, `first`, `second`, `exam`) VALUES
(2, '2', '5', 1, 12, 10, 5, 44),
(5, '5', '5', 1, 14, 10, 10, 59),
(6, '6', '5', 1, 7, 6, 10, 25),
(7, '7', '5', 1, 11, 10, 10, 45),
(8, '8', '5', 1, 6, 5, 5, 27),
(9, '9', '3', 1, 18, 10, 10, 60),
(10, '10', '4', 1, 16, 0, 10, 42),
(11, '11', '4', 1, 13, 0, 10, 59),
(12, '12', '4', 1, 11, 0, 10, 21),
(14, '14', '4', 1, 18, 0, 10, 57),
(16, '16', '3', 1, 12, 0, 10, 20),
(17, '17', '3', 1, 15, 10, 10, 33),
(18, '18', '3', 1, 13, 10, 10, 39),
(19, '19', '4', 1, 12, 8, 10, 16),
(20, '20', '4', 1, 15, 0, 10, 58),
(22, '22', '3', 1, 10, 0, 10, 26),
(23, '23', '3', 1, 15, 10, 10, 48),
(24, '24', '5', 1, 12, 10, 10, 53),
(25, '25', '4', 1, 15, 0, 10, 57),
(27, '27', '5', 1, 13, 10, 10, 57),
(29, '29', '3', 1, 19, 10, 10, 60),
(30, '30', '4', 1, 6, 0, 10, 19),
(31, '31', '4', 1, 6, 0, 10, 19),
(32, '32', '3', 1, 7, 0, 10, 28),
(33, '33', '4', 1, 13, 0, 10, 57),
(34, '34', '4', 1, 6, 0, 10, 20),
(37, '37', '1', 1, 14, 5, 10, 44),
(38, '38', '1', 1, 10, 0, 10, 10),
(39, '39', '1', 1, 20, 10, 10, 60),
(41, '41', '2', 1, 15, 10, 10, 52),
(42, '42', '1', 1, 13, 10, 10, 35),
(43, '43', '1', 1, 16, 10, 10, 48),
(44, '44', '2', 1, 11, 0, 10, 26),
(45, '45', '2', 1, 14, 10, 10, 41),
(46, '46', '1', 1, 10, 0, 10, 13),
(47, '47', '1', 1, 10, 0, 10, 27),
(48, '48', '1', 1, 15, 10, 10, 45),
(50, '50', '2', 1, 17, 10, 10, 36),
(51, '51', '3', 1, 8, 0, 10, 0),
(52, '52', '3', 1, 9, 0, 10, 33),
(54, '54', '1', 1, 5, 10, 10, 36),
(55, '55', '1', 1, 5, 0, 10, 10),
(56, '56', '1', 1, 5, 10, 10, 26),
(57, '57', '1', 1, 5, 0, 10, 19),
(58, '58', '1', 1, 5, 0, 10, 16),
(59, '59', '1', 1, 5, 0, 10, 34),
(60, '60', '1', 1, 5, 0, 10, 10),
(61, '61', '1', 1, 5, 0, 10, 45),
(62, '62', '1', 1, 5, 0, 10, 16),
(63, '63', '1', 1, 5, 0, 10, 10),
(64, '64', '1', 1, 5, 0, 10, 15),
(65, '65', '2', 1, 5, 0, 10, 27),
(66, '66', '2', 1, 5, 0, 10, 37),
(67, '67', '2', 1, 0, 10, 10, 20),
(68, '68', '4', 1, 10, 0, 10, 30),
(70, '70', '5', 1, 12, 10, 10, 39),
(71, '71', '4', 1, 10, 0, 10, 34),
(76, '76', '6', 1, 16, 10, 0, 60),
(77, '77', '5', 1, 15, 10, 10, 57),
(78, '78', '6', 1, 15, 10, 0, 58),
(79, '79', '5', 1, 10, 8, 0, 43),
(80, '80', '6', 1, 13, 10, 0, 53),
(81, '81', '1', 1, 17, 0, 10, 52),
(82, '82', '5', 1, 15, 10, 10, 59),
(83, '83', '5', 1, 14, 1, 0, 13),
(84, '84', '6', 1, 14, 10, 0, 55),
(85, '37', '1', 2, 8, 10, 0, 24),
(86, '38', '1', 2, 0, 0, 5, 0),
(87, '39', '1', 2, 19, 10, 10, 59),
(88, '42', '1', 2, 8, 0, 10, 13),
(89, '43', '1', 2, 8, 10, 10, 34),
(90, '46', '1', 2, 0, 0, 5, 10),
(91, '47', '1', 2, 0, 0, 10, 0),
(92, '48', '1', 2, 16, 10, 5, 31),
(93, '54', '1', 2, 13, 5, 0, 35),
(94, '55', '1', 2, 8, 5, 5, 18),
(95, '56', '1', 2, 0, 0, 5, 11),
(96, '57', '1', 2, 0, 0, 5, 19),
(97, '58', '1', 2, 0, 5, 5, 10),
(98, '59', '1', 2, 0, 0, 0, 0),
(99, '60', '1', 2, 0, 5, 0, 0),
(100, '61', '1', 2, 0, 10, 0, 22),
(101, '62', '1', 2, 0, 0, 0, 0),
(102, '63', '1', 2, 0, 0, 0, 10),
(103, '64', '1', 2, 0, 5, 0, 25),
(105, '81', '1', 2, 14, 10, 0, 0),
(107, '41', '2', 2, 18, 0, 0, 29),
(108, '44', '2', 2, 0, 0, 0, 43),
(109, '45', '2', 2, 16, 10, 10, 53),
(110, '50', '2', 2, 17, 10, 5, 52),
(111, '65', '2', 2, 0, 0, 0, 20),
(112, '66', '2', 2, 10, 0, 5, 45),
(113, '67', '2', 2, 20, 10, 9, 55),
(114, '76', '6', 2, 0, 0, 0, 0),
(115, '78', '6', 2, 0, 0, 0, 0),
(116, '80', '6', 2, 0, 0, 0, 0),
(117, '84', '6', 2, 0, 0, 0, 0),
(118, '86', '2', 2, 0, 0, 0, 0),
(128, '9', '3', 2, 12, 10, 10, 58),
(129, '16', '3', 2, 0, 0, 0, 12),
(130, '17', '3', 2, 0, 5, 5, 21),
(131, '18', '3', 2, 16, 10, 9, 49),
(132, '22', '3', 2, 0, 0, 0, 14),
(133, '23', '3', 2, 16, 10, 4, 29),
(134, '29', '3', 2, 12, 10, 9, 53),
(135, '32', '3', 2, 0, 5, 0, 33),
(136, '51', '3', 2, 0, 0, 0, 19),
(137, '52', '3', 2, 12, 5, 5, 50),
(167, '10', '4', 2, 3, 5, 10, 35),
(168, '11', '4', 2, 0, 0, 0, 35),
(169, '12', '4', 2, 11, 0, 0, 15),
(170, '14', '4', 2, 17, 5, 5, 40),
(171, '19', '4', 2, 3, 10, 9, 26),
(172, '20', '4', 2, 20, 10, 10, 52),
(173, '25', '4', 2, 14, 0, 5, 34),
(174, '30', '4', 2, 0, 0, 0, 0),
(175, '31', '4', 2, 0, 0, 0, 10),
(176, '33', '4', 2, 15, 10, 10, 37),
(177, '34', '4', 2, 5, 0, 0, 28),
(178, '68', '4', 2, 0, 0, 4, 12),
(179, '71', '4', 2, 0, 0, 0, 17),
(215, '83', '5', 2, 4, 5, 8, 34),
(216, '6', '5', 2, 0, 5, 4, 20),
(217, '79', '5', 2, 0, 0, 5, 20),
(218, '24', '5', 2, 20, 10, 10, 50),
(219, '82', '5', 2, 0, 0, 0, 0),
(220, '7', '5', 2, 14, 10, 10, 52),
(221, '27', '5', 2, 17, 10, 5, 51),
(222, '5', '5', 2, 18, 0, 10, 49),
(223, '8', '5', 2, 12, 5, 4, 29),
(224, '2', '5', 2, 19, 0, 5, 32),
(225, '70', '5', 2, 0, 5, 5, 37),
(226, '77', '5', 2, 17, 5, 10, 50),
(227, '83', '5', 3, 13, 10, 8, 0),
(228, '6', '5', 3, 17, 10, 8, 23),
(229, '79', '5', 3, 0, 0, 5, 18),
(230, '24', '5', 3, 20, 8, 8, 46),
(231, '82', '5', 3, 13, 10, 9, 40),
(232, '7', '5', 3, 12, 10, 8, 48),
(233, '27', '5', 3, 13, 9, 8, 44),
(234, '5', '5', 3, 16, 6, 8, 49),
(235, '8', '5', 3, 9, 9, 5, 25),
(236, '2', '5', 3, 13, 0, 8, 0),
(237, '70', '5', 3, 0, 2, 5, 33),
(238, '77', '5', 3, 16, 8, 9, 49),
(244, '56', '1', 3, 0, 5, 5, 26),
(245, '39', '1', 3, 20, 10, 10, 56),
(246, '61', '1', 3, 0, 9, 5, 41),
(247, '81', '1', 3, 0, 0, 0, 0),
(248, '62', '1', 3, 0, 0, 5, 0),
(249, '58', '1', 3, 0, 6, 5, 0),
(250, '63', '1', 3, 0, 9, 5, 12),
(251, '60', '1', 3, 0, 9, 5, 11),
(252, '54', '1', 3, 5, 7, 10, 44),
(253, '38', '1', 3, 14, 0, 10, 13),
(254, '55', '1', 3, 0, 7, 0, 22),
(255, '64', '1', 3, 5, 7, 10, 27),
(256, '42', '1', 3, 19, 8, 10, 33),
(257, '48', '1', 3, 14, 5, 10, 43),
(258, '57', '1', 3, 0, 9, 5, 30),
(259, '47', '1', 3, 19, 0, 10, 10),
(260, '59', '1', 3, 0, 0, 0, 0),
(261, '37', '1', 3, 10, 9, 10, 49),
(262, '46', '1', 3, 0, 5, 5, 21),
(263, '43', '1', 3, 10, 9, 10, 55),
(264, '41', '2', 3, 18, 9, 10, 45),
(265, '65', '2', 3, 10, 0, 5, 46),
(266, '67', '2', 3, 20, 6, 10, 58),
(267, '50', '2', 3, 19, 6, 10, 60),
(268, '44', '2', 3, 10, 8, 5, 44),
(269, '45', '2', 3, 19, 8, 10, 52),
(270, '86', '2', 3, 0, 0, 5, 30),
(271, '66', '2', 3, 18, 10, 10, 52),
(272, '10', '4', 3, 15, 10, 6, 37),
(273, '25', '4', 3, 17, 9, 8, 39),
(274, '68', '4', 3, 10, 9, 8, 19),
(275, '34', '4', 3, 13, 8, 8, 20),
(276, '33', '4', 3, 9, 10, 5, 24),
(277, '71', '4', 3, 0, 5, 0, 13),
(278, '20', '4', 3, 20, 10, 8, 42),
(279, '11', '4', 3, 14, 10, 5, 52),
(280, '14', '4', 3, 16, 7, 8, 56),
(281, '19', '4', 3, 12, 5, 5, 17),
(282, '30', '4', 3, 0, 0, 0, 0),
(283, '12', '4', 3, 14, 8, 5, 33),
(284, '31', '4', 3, 16, 5, 8, 0);

-- --------------------------------------------------------

--
-- Table structure for table `scores`
--

CREATE TABLE `scores` (
  `id` int(11) NOT NULL,
  `student_id` int(11) NOT NULL,
  `subject` int(11) NOT NULL,
  `term` int(11) NOT NULL,
  `class` int(11) NOT NULL,
  `week` int(11) NOT NULL,
  `session` int(11) NOT NULL,
  `test` int(11) NOT NULL,
  `teacher` int(11) NOT NULL
) ENGINE=InnoDB DEFAULT CHARSET=utf8mb4;

--
-- Dumping data for table `scores`
--

INSERT INTO `scores` (`id`, `student_id`, `subject`, `term`, `class`, `week`, `session`, `test`, `teacher`) VALUES
(1, 56, 1, 1, 4, 6, 3, 10, 0),
(2, 57, 1, 1, 4, 6, 3, 0, 0),
(3, 58, 1, 1, 4, 6, 3, 0, 0),
(4, 59, 1, 1, 4, 6, 3, 4, 0),
(5, 60, 1, 1, 4, 6, 3, 0, 0),
(6, 61, 1, 1, 4, 6, 3, 0, 0),
(7, 62, 1, 1, 4, 6, 3, 0, 0),
(9, 64, 1, 1, 4, 6, 3, 0, 0),
(10, 65, 1, 1, 4, 6, 3, 0, 0),
(11, 66, 1, 1, 4, 6, 3, 0, 0),
(12, 67, 1, 1, 4, 6, 3, 0, 0),
(13, 68, 1, 1, 4, 6, 3, 0, 0),
(14, 69, 1, 1, 4, 6, 3, 0, 0),
(15, 70, 1, 1, 4, 6, 3, 0, 0),
(16, 71, 1, 1, 4, 6, 3, 0, 0),
(17, 72, 1, 1, 4, 6, 3, 0, 0),
(18, 73, 1, 1, 4, 6, 3, 0, 0),
(19, 74, 1, 1, 4, 6, 3, 0, 0),
(20, 75, 1, 1, 4, 6, 3, 0, 0),
(21, 76, 1, 1, 4, 6, 3, 0, 0),
(22, 77, 1, 1, 4, 6, 3, 0, 0),
(23, 78, 1, 1, 4, 6, 3, 0, 0),
(24, 79, 1, 1, 4, 6, 3, 0, 0),
(25, 80, 1, 1, 4, 6, 3, 0, 0),
(26, 81, 1, 1, 4, 6, 3, 0, 0),
(27, 82, 1, 1, 4, 6, 3, 0, 0),
(28, 83, 1, 1, 4, 6, 3, 0, 0),
(29, 84, 1, 1, 4, 6, 3, 0, 0),
(30, 85, 1, 1, 4, 6, 3, 0, 0),
(31, 86, 1, 1, 4, 6, 3, 0, 0),
(32, 87, 1, 1, 4, 6, 3, 0, 0),
(33, 88, 1, 1, 4, 6, 3, 0, 0),
(34, 89, 1, 1, 4, 6, 3, 0, 0),
(35, 90, 1, 1, 4, 6, 3, 0, 0),
(36, 91, 1, 1, 4, 6, 3, 0, 0),
(37, 92, 1, 1, 4, 6, 3, 0, 0),
(38, 93, 1, 1, 4, 6, 3, 0, 0),
(39, 95, 1, 1, 4, 6, 3, 0, 0),
(40, 96, 1, 1, 4, 6, 3, 0, 0),
(41, 97, 1, 1, 4, 6, 3, 0, 0),
(42, 99, 1, 1, 4, 6, 3, 0, 0),
(43, 101, 1, 1, 4, 6, 3, 0, 0),
(44, 103, 1, 1, 4, 6, 3, 0, 0),
(45, 105, 1, 1, 4, 6, 3, 0, 0),
(46, 106, 1, 1, 4, 6, 3, 0, 0),
(47, 108, 1, 1, 4, 6, 3, 0, 0),
(48, 110, 1, 1, 4, 6, 3, 0, 0),
(49, 111, 1, 1, 4, 6, 3, 0, 0),
(50, 112, 1, 1, 4, 6, 3, 0, 0),
(51, 114, 1, 1, 4, 6, 3, 0, 0),
(52, 116, 1, 1, 4, 6, 3, 0, 0),
(53, 117, 1, 1, 4, 6, 3, 0, 0),
(54, 118, 1, 1, 4, 6, 3, 0, 0),
(55, 119, 1, 1, 4, 6, 3, 0, 0),
(56, 120, 1, 1, 4, 6, 3, 0, 0),
(57, 121, 1, 1, 4, 6, 3, 0, 0),
(58, 122, 1, 1, 4, 6, 3, 0, 0),
(59, 123, 1, 1, 4, 6, 3, 0, 0),
(60, 124, 1, 1, 4, 6, 3, 0, 0),
(61, 126, 1, 1, 4, 6, 3, 0, 0),
(62, 127, 1, 1, 4, 6, 3, 0, 0),
(63, 128, 1, 1, 4, 6, 3, 0, 0),
(64, 129, 1, 1, 4, 6, 3, 0, 0),
(65, 130, 1, 1, 4, 6, 3, 0, 0),
(66, 131, 1, 1, 4, 6, 3, 0, 0),
(67, 132, 1, 1, 4, 6, 3, 0, 0),
(68, 133, 1, 1, 4, 6, 3, 0, 0),
(69, 134, 1, 1, 4, 6, 3, 0, 0),
(70, 135, 1, 1, 4, 6, 3, 0, 0),
(71, 136, 1, 1, 4, 6, 3, 0, 0),
(72, 137, 1, 1, 4, 6, 3, 0, 0),
(73, 138, 1, 1, 4, 6, 3, 0, 0),
(74, 139, 1, 1, 4, 6, 3, 0, 0),
(75, 140, 1, 1, 4, 6, 3, 0, 0),
(76, 141, 1, 1, 4, 6, 3, 0, 0),
(77, 142, 1, 1, 4, 6, 3, 0, 0),
(78, 143, 1, 1, 4, 6, 3, 0, 0),
(79, 144, 1, 1, 4, 6, 3, 0, 0),
(80, 145, 1, 1, 4, 6, 3, 0, 0),
(81, 146, 1, 1, 4, 6, 3, 0, 0),
(83, 94, 15, 2, 4, 5, 3, 29, 0),
(84, 98, 15, 2, 4, 5, 3, 22, 0),
(85, 100, 15, 2, 4, 5, 3, 29, 0),
(86, 102, 15, 2, 4, 5, 3, 30, 0),
(87, 104, 15, 2, 4, 5, 3, 22, 0),
(88, 107, 15, 2, 4, 5, 3, 20, 0),
(89, 109, 15, 2, 4, 5, 3, 24, 0),
(90, 113, 15, 2, 4, 5, 3, 29, 0),
(91, 115, 15, 2, 4, 5, 3, 12, 0),
(92, 125, 15, 2, 4, 5, 3, 12, 0),
(93, 147, 15, 2, 4, 5, 3, 28, 0),
(94, 148, 15, 2, 4, 5, 3, 27, 0),
(95, 149, 15, 2, 4, 5, 3, 19, 0),
(96, 150, 15, 2, 4, 5, 3, 28, 0),
(97, 151, 15, 2, 4, 5, 3, 21, 0),
(98, 152, 15, 2, 4, 5, 3, 0, 0),
(99, 153, 15, 2, 4, 5, 3, 22, 0),
(100, 154, 15, 2, 4, 5, 3, 24, 0),
(101, 155, 15, 2, 4, 5, 3, 18, 0),
(102, 156, 15, 2, 4, 5, 3, 16, 0),
(103, 157, 15, 2, 4, 5, 3, 30, 0),
(104, 158, 15, 2, 4, 5, 3, 17, 0),
(105, 159, 15, 2, 4, 5, 3, 26, 0),
(106, 160, 15, 2, 4, 5, 3, 14, 0),
(107, 161, 15, 2, 4, 5, 3, 28, 0),
(108, 162, 15, 2, 4, 5, 3, 17, 0),
(109, 163, 15, 2, 4, 5, 3, 28, 0),
(110, 164, 15, 2, 4, 5, 3, 0, 0),
(111, 165, 15, 2, 4, 5, 3, 0, 0),
(112, 166, 15, 2, 4, 5, 3, 25, 0),
(113, 167, 15, 2, 4, 5, 3, 25, 0),
(114, 168, 15, 2, 4, 5, 3, 28, 0),
(115, 169, 15, 2, 4, 5, 3, 29, 0),
(116, 170, 15, 2, 4, 5, 3, 29, 0),
(117, 171, 15, 2, 4, 5, 3, 24, 0),
(118, 172, 15, 2, 4, 5, 3, 13, 0),
(119, 173, 15, 2, 4, 5, 3, 6, 0),
(120, 174, 15, 2, 4, 5, 3, 25, 0),
(121, 175, 15, 2, 4, 5, 3, 22, 0),
(122, 176, 15, 2, 4, 5, 3, 26, 0),
(123, 177, 15, 2, 4, 5, 3, 23, 0),
(124, 178, 15, 2, 4, 5, 3, 16, 0),
(125, 179, 15, 2, 4, 5, 3, 28, 0),
(126, 180, 15, 2, 4, 5, 3, 25, 0),
(127, 181, 15, 2, 4, 5, 3, 20, 0),
(128, 182, 15, 2, 4, 5, 3, 27, 0),
(129, 183, 15, 2, 4, 5, 3, 16, 0),
(130, 184, 15, 2, 4, 5, 3, 19, 0),
(131, 185, 15, 2, 4, 5, 3, 18, 0),
(132, 186, 15, 2, 4, 5, 3, 14, 0),
(133, 187, 15, 2, 4, 5, 3, 2, 0),
(134, 188, 15, 2, 4, 5, 3, 17, 0),
(135, 189, 15, 2, 4, 5, 3, 0, 0),
(136, 190, 15, 2, 4, 5, 3, 26, 0),
(137, 191, 15, 2, 4, 5, 3, 26, 0),
(138, 192, 15, 2, 4, 5, 3, 22, 0),
(139, 193, 15, 2, 4, 5, 3, 29, 0),
(140, 194, 15, 2, 4, 5, 3, 23, 0),
(141, 195, 15, 2, 4, 5, 3, 24, 0),
(142, 196, 15, 2, 4, 5, 3, 30, 0),
(143, 197, 15, 2, 4, 5, 3, 24, 0),
(144, 198, 15, 2, 4, 5, 3, 28, 0),
(145, 199, 15, 2, 4, 5, 3, 24, 0),
(146, 200, 15, 2, 4, 5, 3, 25, 0),
(147, 201, 15, 2, 4, 5, 3, 20, 0),
(148, 202, 15, 2, 4, 5, 3, 28, 0),
(149, 203, 15, 2, 4, 5, 3, 21, 0),
(150, 204, 15, 2, 4, 5, 3, 26, 0),
(151, 205, 15, 2, 4, 5, 3, 10, 0),
(152, 206, 15, 2, 4, 5, 3, 24, 0),
(153, 207, 15, 2, 4, 5, 3, 27, 0),
(154, 208, 15, 2, 4, 5, 3, 24, 0),
(155, 209, 15, 2, 4, 5, 3, 24, 0),
(156, 210, 15, 2, 4, 5, 3, 27, 0),
(157, 211, 15, 2, 4, 5, 3, 22, 0),
(158, 212, 15, 2, 4, 5, 3, 19, 0),
(159, 213, 15, 2, 4, 5, 3, 27, 0),
(160, 214, 15, 2, 4, 5, 3, 18, 0),
(161, 215, 15, 2, 4, 5, 3, 12, 0),
(162, 487, 15, 2, 4, 5, 3, 20, 0),
(163, 16, 12, 2, 4, 4, 3, 28, 0),
(164, 17, 12, 2, 4, 4, 3, 28, 0),
(165, 18, 12, 2, 4, 4, 3, 28, 0),
(166, 19, 12, 2, 4, 4, 3, 30, 0),
(167, 20, 12, 2, 4, 4, 3, 26, 0),
(168, 21, 12, 2, 4, 4, 3, 23, 0),
(169, 22, 12, 2, 4, 4, 3, 27, 0),
(170, 23, 12, 2, 4, 4, 3, 30, 0),
(171, 24, 12, 2, 4, 4, 3, 29, 0),
(172, 25, 12, 2, 4, 4, 3, 28, 0),
(173, 26, 12, 2, 4, 4, 3, 28, 0),
(174, 27, 12, 2, 4, 4, 3, 23, 0),
(175, 28, 12, 2, 4, 4, 3, 30, 0),
(176, 29, 12, 2, 4, 4, 3, 28, 0),
(177, 30, 12, 2, 4, 4, 3, 30, 0),
(178, 31, 12, 2, 4, 4, 3, 28, 0),
(179, 32, 12, 2, 4, 4, 3, 30, 0),
(180, 33, 12, 2, 4, 4, 3, 28, 0),
(181, 34, 12, 2, 4, 4, 3, 30, 0),
(182, 35, 12, 2, 4, 4, 3, 30, 0),
(183, 36, 12, 2, 4, 4, 3, 0, 0),
(184, 37, 12, 2, 4, 4, 3, 27, 0),
(185, 38, 12, 2, 4, 4, 3, 26, 0),
(186, 39, 12, 2, 4, 4, 3, 30, 0),
(187, 40, 12, 2, 4, 4, 3, 25, 0),
(188, 41, 12, 2, 4, 4, 3, 27, 0),
(189, 43, 12, 2, 4, 4, 3, 30, 0),
(190, 44, 12, 2, 4, 4, 3, 25, 0),
(191, 45, 12, 2, 4, 4, 3, 28, 0),
(192, 46, 12, 2, 4, 4, 3, 25, 0),
(193, 47, 12, 2, 4, 4, 3, 30, 0),
(194, 48, 12, 2, 4, 4, 3, 30, 0),
(195, 49, 12, 2, 4, 4, 3, 27, 0),
(196, 50, 12, 2, 4, 4, 3, 30, 0),
(197, 16, 9, 2, 4, 4, 3, 26, 0),
(198, 17, 9, 2, 4, 4, 3, 29, 0),
(199, 18, 9, 2, 4, 4, 3, 27, 0),
(200, 19, 9, 2, 4, 4, 3, 27, 0),
(201, 20, 9, 2, 4, 4, 3, 23, 0),
(202, 21, 9, 2, 4, 4, 3, 22, 0),
(203, 22, 9, 2, 4, 4, 3, 21, 0),
(204, 23, 9, 2, 4, 4, 3, 30, 0),
(205, 24, 9, 2, 4, 4, 3, 30, 0),
(206, 25, 9, 2, 4, 4, 3, 28, 0),
(207, 26, 9, 2, 4, 4, 3, 25, 0),
(208, 27, 9, 2, 4, 4, 3, 26, 0),
(209, 28, 9, 2, 4, 4, 3, 27, 0),
(210, 29, 9, 2, 4, 4, 3, 29, 0),
(211, 30, 9, 2, 4, 4, 3, 29, 0),
(212, 31, 9, 2, 4, 4, 3, 21, 0),
(213, 32, 9, 2, 4, 4, 3, 24, 0),
(214, 33, 9, 2, 4, 4, 3, 25, 0),
(215, 34, 9, 2, 4, 4, 3, 25, 0),
(216, 35, 9, 2, 4, 4, 3, 27, 0),
(217, 36, 9, 2, 4, 4, 3, 0, 0),
(218, 37, 9, 2, 4, 4, 3, 25, 0),
(219, 38, 9, 2, 4, 4, 3, 15, 0),
(220, 39, 9, 2, 4, 4, 3, 24, 0),
(221, 40, 9, 2, 4, 4, 3, 18, 0),
(222, 41, 9, 2, 4, 4, 3, 22, 0),
(223, 43, 9, 2, 4, 4, 3, 27, 0),
(224, 44, 9, 2, 4, 4, 3, 25, 0),
(225, 45, 9, 2, 4, 4, 3, 24, 0),
(226, 46, 9, 2, 4, 4, 3, 25, 0),
(227, 47, 9, 2, 4, 4, 3, 25, 0),
(228, 48, 9, 2, 4, 4, 3, 19, 0),
(229, 49, 9, 2, 4, 4, 3, 28, 0),
(230, 50, 9, 2, 4, 4, 3, 30, 0),
(231, 16, 13, 2, 4, 4, 3, 15, 0),
(232, 17, 13, 2, 4, 4, 3, 0, 0),
(233, 18, 13, 2, 4, 4, 3, 26, 0),
(234, 19, 13, 2, 4, 4, 3, 27, 0),
(235, 20, 13, 2, 4, 4, 3, 20, 0),
(236, 21, 13, 2, 4, 4, 3, 20, 0),
(237, 22, 13, 2, 4, 4, 3, 18, 0),
(238, 23, 13, 2, 4, 4, 3, 25, 0),
(239, 24, 13, 2, 4, 4, 3, 20, 0),
(240, 25, 13, 2, 4, 4, 3, 22, 0),
(241, 26, 13, 2, 4, 4, 3, 24, 0),
(242, 27, 13, 2, 4, 4, 3, 15, 0),
(243, 28, 13, 2, 4, 4, 3, 27, 0),
(244, 29, 13, 2, 4, 4, 3, 22, 0),
(245, 30, 13, 2, 4, 4, 3, 15, 0),
(246, 31, 13, 2, 4, 4, 3, 26, 0),
(247, 32, 13, 2, 4, 4, 3, 21, 0),
(248, 33, 13, 2, 4, 4, 3, 18, 0),
(249, 34, 13, 2, 4, 4, 3, 26, 0),
(250, 35, 13, 2, 4, 4, 3, 25, 0),
(251, 36, 13, 2, 4, 4, 3, 0, 0),
(252, 37, 13, 2, 4, 4, 3, 19, 0),
(253, 38, 13, 2, 4, 4, 3, 20, 0),
(254, 39, 13, 2, 4, 4, 3, 18, 0),
(255, 40, 13, 2, 4, 4, 3, 20, 0),
(256, 41, 13, 2, 4, 4, 3, 17, 0),
(257, 43, 13, 2, 4, 4, 3, 17, 0),
(258, 44, 13, 2, 4, 4, 3, 13, 0),
(259, 45, 13, 2, 4, 4, 3, 20, 0),
(260, 46, 13, 2, 4, 4, 3, 16, 0),
(261, 47, 13, 2, 4, 4, 3, 18, 0),
(262, 48, 13, 2, 4, 4, 3, 21, 0),
(263, 49, 13, 2, 4, 4, 3, 18, 0),
(264, 50, 13, 2, 4, 4, 3, 19, 0),
(265, 16, 15, 2, 4, 4, 3, 21, 0),
(266, 17, 15, 2, 4, 4, 3, 26, 0),
(267, 18, 15, 2, 4, 4, 3, 28, 0),
(268, 19, 15, 2, 4, 4, 3, 27, 0),
(269, 20, 15, 2, 4, 4, 3, 29, 0),
(270, 21, 15, 2, 4, 4, 3, 27, 0),
(271, 22, 15, 2, 4, 4, 3, 23, 0),
(272, 23, 15, 2, 4, 4, 3, 29, 0),
(273, 24, 15, 2, 4, 4, 3, 29, 0),
(274, 25, 15, 2, 4, 4, 3, 29, 0),
(275, 26, 15, 2, 4, 4, 3, 26, 0),
(276, 27, 15, 2, 4, 4, 3, 20, 0),
(277, 28, 15, 2, 4, 4, 3, 30, 0),
(278, 29, 15, 2, 4, 4, 3, 30, 0),
(279, 30, 15, 2, 4, 4, 3, 30, 0),
(280, 31, 15, 2, 4, 4, 3, 20, 0),
(281, 32, 15, 2, 4, 4, 3, 23, 0),
(282, 33, 15, 2, 4, 4, 3, 27, 0),
(283, 34, 15, 2, 4, 4, 3, 28, 0),
(284, 35, 15, 2, 4, 4, 3, 30, 0),
(285, 36, 15, 2, 4, 4, 3, 0, 0),
(286, 37, 15, 2, 4, 4, 3, 21, 0),
(287, 38, 15, 2, 4, 4, 3, 24, 0),
(288, 39, 15, 2, 4, 4, 3, 30, 0),
(289, 40, 15, 2, 4, 4, 3, 24, 0),
(290, 41, 15, 2, 4, 4, 3, 26, 0),
(291, 43, 15, 2, 4, 4, 3, 27, 0),
(292, 44, 15, 2, 4, 4, 3, 21, 0),
(293, 45, 15, 2, 4, 4, 3, 26, 0),
(294, 46, 15, 2, 4, 4, 3, 21, 0),
(295, 47, 15, 2, 4, 4, 3, 27, 0),
(296, 48, 15, 2, 4, 4, 3, 30, 0),
(297, 49, 15, 2, 4, 4, 3, 28, 0),
(298, 50, 15, 2, 4, 4, 3, 30, 0),
(299, 56, 15, 2, 4, 6, 3, 25, 0),
(300, 57, 15, 2, 4, 6, 3, 26, 0),
(301, 58, 15, 2, 4, 6, 3, 26, 0),
(302, 59, 15, 2, 4, 6, 3, 14, 0),
(303, 60, 15, 2, 4, 6, 3, 20, 0),
(304, 61, 15, 2, 4, 6, 3, 4, 0),
(305, 62, 15, 2, 4, 6, 3, 9, 0),
(306, 63, 15, 2, 4, 6, 3, 28, 0),
(307, 64, 15, 2, 4, 6, 3, 24, 0),
(308, 65, 15, 2, 4, 6, 3, 26, 0),
(309, 66, 15, 2, 4, 6, 3, 23, 0),
(310, 67, 15, 2, 4, 6, 3, 30, 0),
(311, 68, 15, 2, 4, 6, 3, 22, 0),
(312, 69, 15, 2, 4, 6, 3, 0, 0),
(313, 70, 15, 2, 4, 6, 3, 16, 0),
(314, 71, 15, 2, 4, 6, 3, 13, 0),
(315, 72, 15, 2, 4, 6, 3, 0, 0),
(316, 73, 15, 2, 4, 6, 3, 23, 0),
(317, 74, 15, 2, 4, 6, 3, 28, 0),
(318, 75, 15, 2, 4, 6, 3, 15, 0),
(319, 76, 15, 2, 4, 6, 3, 13, 0),
(320, 77, 15, 2, 4, 6, 3, 19, 0),
(321, 78, 15, 2, 4, 6, 3, 24, 0),
(322, 79, 15, 2, 4, 6, 3, 6, 0),
(323, 80, 15, 2, 4, 6, 3, 14, 0),
(324, 81, 15, 2, 4, 6, 3, 22, 0),
(325, 82, 15, 2, 4, 6, 3, 10, 0),
(326, 83, 15, 2, 4, 6, 3, 26, 0),
(327, 84, 15, 2, 4, 6, 3, 23, 0),
(328, 85, 15, 2, 4, 6, 3, 28, 0),
(329, 86, 15, 2, 4, 6, 3, 17, 0),
(330, 87, 15, 2, 4, 6, 3, 25, 0),
(331, 88, 15, 2, 4, 6, 3, 25, 0),
(332, 89, 15, 2, 4, 6, 3, 16, 0),
(333, 90, 15, 2, 4, 6, 3, 24, 0),
(334, 91, 15, 2, 4, 6, 3, 18, 0),
(335, 92, 15, 2, 4, 6, 3, 14, 0),
(336, 93, 15, 2, 4, 6, 3, 23, 0),
(337, 95, 15, 2, 4, 6, 3, 23, 0),
(338, 96, 15, 2, 4, 6, 3, 29, 0),
(339, 97, 15, 2, 4, 6, 3, 30, 0),
(340, 99, 15, 2, 4, 6, 3, 12, 0),
(341, 101, 15, 2, 4, 6, 3, 13, 0),
(342, 103, 15, 2, 4, 6, 3, 15, 0),
(343, 105, 15, 2, 4, 6, 3, 18, 0),
(344, 106, 15, 2, 4, 6, 3, 20, 0),
(345, 108, 15, 2, 4, 6, 3, 10, 0),
(346, 110, 15, 2, 4, 6, 3, 9, 0),
(347, 111, 15, 2, 4, 6, 3, 26, 0),
(348, 112, 15, 2, 4, 6, 3, 0, 0),
(349, 114, 15, 2, 4, 6, 3, 13, 0),
(350, 116, 15, 2, 4, 6, 3, 19, 0),
(351, 117, 15, 2, 4, 6, 3, 19, 0),
(352, 118, 15, 2, 4, 6, 3, 24, 0),
(353, 119, 15, 2, 4, 6, 3, 22, 0),
(354, 120, 15, 2, 4, 6, 3, 13, 0),
(355, 121, 15, 2, 4, 6, 3, 27, 0),
(356, 122, 15, 2, 4, 6, 3, 23, 0),
(357, 123, 15, 2, 4, 6, 3, 16, 0),
(358, 124, 15, 2, 4, 6, 3, 16, 0),
(359, 126, 15, 2, 4, 6, 3, 12, 0),
(360, 127, 15, 2, 4, 6, 3, 24, 0),
(361, 128, 15, 2, 4, 6, 3, 22, 0),
(362, 129, 15, 2, 4, 6, 3, 11, 0),
(363, 130, 15, 2, 4, 6, 3, 25, 0),
(364, 131, 15, 2, 4, 6, 3, 15, 0),
(365, 132, 15, 2, 4, 6, 3, 16, 0),
(366, 133, 15, 2, 4, 6, 3, 12, 0),
(367, 134, 15, 2, 4, 6, 3, 14, 0),
(368, 135, 15, 2, 4, 6, 3, 28, 0),
(369, 136, 15, 2, 4, 6, 3, 21, 0),
(370, 137, 15, 2, 4, 6, 3, 22, 0),
(371, 138, 15, 2, 4, 6, 3, 10, 0),
(372, 139, 15, 2, 4, 6, 3, 16, 0),
(373, 140, 15, 2, 4, 6, 3, 20, 0),
(374, 141, 15, 2, 4, 6, 3, 15, 0),
(375, 142, 15, 2, 4, 6, 3, 25, 0),
(376, 143, 15, 2, 4, 6, 3, 16, 0),
(377, 144, 15, 2, 4, 6, 3, 20, 0),
(378, 145, 15, 2, 4, 6, 3, 10, 0),
(379, 146, 15, 2, 4, 6, 3, 25, 0),
(381, 54, 9, 2, 4, 1, 3, 22, 0),
(382, 276, 9, 2, 4, 1, 3, 25, 0),
(383, 277, 9, 2, 4, 1, 3, 26, 0),
(384, 278, 9, 2, 4, 1, 3, 26, 0),
(385, 279, 9, 2, 4, 1, 3, 25, 0),
(386, 280, 9, 2, 4, 1, 3, 26, 0),
(387, 281, 9, 2, 4, 1, 3, 14, 0),
(388, 282, 9, 2, 4, 1, 3, 26, 0),
(389, 283, 9, 2, 4, 1, 3, 14, 0),
(390, 284, 9, 2, 4, 1, 3, 23, 0),
(391, 285, 9, 2, 4, 1, 3, 16, 0),
(392, 286, 9, 2, 4, 1, 3, 22, 0),
(393, 287, 9, 2, 4, 1, 3, 0, 0),
(394, 288, 9, 2, 4, 1, 3, 0, 0),
(395, 289, 9, 2, 4, 1, 3, 20, 0),
(396, 290, 9, 2, 4, 1, 3, 18, 0),
(397, 291, 9, 2, 4, 1, 3, 20, 0),
(398, 292, 9, 2, 4, 1, 3, 26, 0),
(399, 293, 9, 2, 4, 1, 3, 12, 0),
(400, 294, 9, 2, 4, 1, 3, 15, 0),
(401, 295, 9, 2, 4, 1, 3, 25, 0),
(402, 296, 9, 2, 4, 1, 3, 25, 0),
(403, 297, 9, 2, 4, 1, 3, 26, 0),
(404, 298, 9, 2, 4, 1, 3, 23, 0),
(405, 299, 9, 2, 4, 1, 3, 21, 0),
(406, 300, 9, 2, 4, 1, 3, 0, 0),
(407, 301, 9, 2, 4, 1, 3, 24, 0),
(408, 302, 9, 2, 4, 1, 3, 30, 0),
(409, 303, 9, 2, 4, 1, 3, 27, 0),
(410, 304, 9, 2, 4, 1, 3, 25, 0),
(411, 305, 9, 2, 4, 1, 3, 24, 0),
(412, 306, 9, 2, 4, 1, 3, 15, 0),
(413, 307, 9, 2, 4, 1, 3, 28, 0),
(414, 308, 9, 2, 4, 1, 3, 25, 0),
(415, 309, 9, 2, 4, 1, 3, 19, 0),
(416, 310, 9, 2, 4, 1, 3, 22, 0),
(417, 311, 9, 2, 4, 1, 3, 15, 0),
(418, 312, 9, 2, 4, 1, 3, 20, 0),
(419, 313, 9, 2, 4, 1, 3, 20, 0),
(420, 314, 9, 2, 4, 1, 3, 20, 0),
(421, 315, 9, 2, 4, 1, 3, 21, 0),
(422, 316, 9, 2, 4, 1, 3, 19, 0),
(423, 317, 9, 2, 4, 1, 3, 20, 0),
(424, 318, 9, 2, 4, 1, 3, 20, 0),
(425, 319, 9, 2, 4, 1, 3, 20, 0),
(426, 320, 9, 2, 4, 1, 3, 24, 0),
(427, 321, 9, 2, 4, 1, 3, 24, 0),
(428, 322, 9, 2, 4, 1, 3, 24, 0),
(429, 323, 9, 2, 4, 1, 3, 0, 0),
(430, 324, 9, 2, 4, 1, 3, 14, 0),
(431, 325, 9, 2, 4, 1, 3, 25, 0),
(432, 326, 9, 2, 4, 1, 3, 15, 0),
(433, 327, 9, 2, 4, 1, 3, 21, 0),
(434, 328, 9, 2, 4, 1, 3, 30, 0),
(435, 329, 9, 2, 4, 1, 3, 26, 0),
(436, 330, 9, 2, 4, 1, 3, 22, 0),
(437, 331, 9, 2, 4, 1, 3, 21, 0),
(438, 332, 9, 2, 4, 1, 3, 12, 0),
(439, 333, 9, 2, 4, 1, 3, 10, 0),
(440, 334, 9, 2, 4, 1, 3, 12, 0),
(441, 335, 9, 2, 4, 1, 3, 24, 0),
(442, 336, 9, 2, 4, 1, 3, 20, 0),
(443, 337, 9, 2, 4, 1, 3, 21, 0),
(444, 338, 9, 2, 4, 1, 3, 24, 0),
(445, 339, 9, 2, 4, 1, 3, 12, 0),
(446, 340, 9, 2, 4, 1, 3, 20, 0),
(447, 341, 9, 2, 4, 1, 3, 30, 0),
(448, 342, 9, 2, 4, 1, 3, 26, 0),
(449, 343, 9, 2, 4, 1, 3, 0, 0),
(453, 347, 9, 2, 4, 1, 3, 25, 0),
(454, 348, 9, 2, 4, 1, 3, 18, 0),
(455, 349, 9, 2, 4, 1, 3, 21, 0),
(457, 276, 2, 2, 4, 1, 3, 26, 0),
(458, 277, 2, 2, 4, 1, 3, 30, 0),
(459, 278, 2, 2, 4, 1, 3, 30, 0),
(460, 279, 2, 2, 4, 1, 3, 25, 0),
(461, 280, 2, 2, 4, 1, 3, 28, 0),
(462, 281, 2, 2, 4, 1, 3, 30, 0),
(463, 282, 2, 2, 4, 1, 3, 26, 0),
(464, 283, 2, 2, 4, 1, 3, 22, 0),
(465, 284, 2, 2, 4, 1, 3, 24, 0),
(466, 285, 2, 2, 4, 1, 3, 20, 0),
(467, 286, 2, 2, 4, 1, 3, 24, 0),
(468, 287, 2, 2, 4, 1, 3, 0, 0),
(469, 288, 2, 2, 4, 1, 3, 0, 0),
(470, 289, 2, 2, 4, 1, 3, 27, 0),
(471, 290, 2, 2, 4, 1, 3, 24, 0),
(472, 291, 2, 2, 4, 1, 3, 27, 0),
(473, 292, 2, 2, 4, 1, 3, 30, 0),
(474, 293, 2, 2, 4, 1, 3, 23, 0),
(475, 294, 2, 2, 4, 1, 3, 28, 0),
(476, 295, 2, 2, 4, 1, 3, 25, 0),
(477, 296, 2, 2, 4, 1, 3, 26, 0),
(478, 297, 2, 2, 4, 1, 3, 30, 0),
(479, 298, 2, 2, 4, 1, 3, 30, 0),
(480, 299, 2, 2, 4, 1, 3, 27, 0),
(481, 300, 2, 2, 4, 1, 3, 26, 0),
(482, 301, 2, 2, 4, 1, 3, 28, 0),
(483, 302, 2, 2, 4, 1, 3, 30, 0),
(484, 303, 2, 2, 4, 1, 3, 30, 0),
(485, 304, 2, 2, 4, 1, 3, 30, 0),
(486, 305, 2, 2, 4, 1, 3, 30, 0),
(487, 306, 2, 2, 4, 1, 3, 20, 0),
(488, 307, 2, 2, 4, 1, 3, 22, 0),
(489, 308, 2, 2, 4, 1, 3, 23, 0),
(490, 309, 2, 2, 4, 1, 3, 28, 0),
(491, 310, 2, 2, 4, 1, 3, 18, 0),
(492, 311, 2, 2, 4, 1, 3, 27, 0),
(493, 312, 2, 2, 4, 1, 3, 24, 0),
(494, 313, 2, 2, 4, 1, 3, 30, 0),
(495, 314, 2, 2, 4, 1, 3, 25, 0),
(496, 315, 2, 2, 4, 1, 3, 28, 0),
(497, 316, 2, 2, 4, 1, 3, 25, 0),
(498, 317, 2, 2, 4, 1, 3, 26, 0),
(499, 318, 2, 2, 4, 1, 3, 30, 0),
(500, 319, 2, 2, 4, 1, 3, 26, 0),
(501, 320, 2, 2, 4, 1, 3, 30, 0),
(4953, 42, 1, 2, 3, 0, 3, 0, 0),
(4956, 42, 2, 1, 3, 1, 3, 2, 0),
(4962, 15, 1, 2, 2, 1, 1, 5, 0),
(4963, 55, 1, 2, 2, 1, 1, 10, 0),
(4964, 14, 1, 2, 2, 1, 1, 2, 1),
(4965, 13, 2, 1, 2, 1, 1, 10, 0),
(4966, 14, 2, 1, 2, 1, 1, 0, 0),
(4967, 15, 2, 1, 2, 1, 1, 0, 0),
(4968, 55, 2, 1, 2, 1, 1, 0, 0),
(4969, 13, 1, 2, 2, 1, 1, 19, 1),
(4970, 13, 2, 2, 2, 1, 1, 10, 0),
(4971, 14, 2, 2, 2, 1, 1, 20, 0),
(4972, 15, 2, 2, 2, 1, 1, 12, 0),
(4973, 55, 2, 2, 2, 1, 1, 2, 0),
(4974, 13, 4, 2, 2, 1, 1, 0, 0),
(4975, 14, 4, 2, 2, 1, 1, 0, 0),
(4976, 15, 4, 2, 2, 1, 1, 0, 0),
(4977, 55, 4, 2, 2, 1, 1, 0, 0),
(4978, 13, 12, 2, 2, 1, 1, 20, 0),
(4979, 14, 12, 2, 2, 1, 1, 10, 0),
(4980, 15, 12, 2, 2, 1, 1, 12, 0),
(4981, 55, 12, 2, 2, 1, 1, 11, 0),
(4982, 13, 6, 2, 2, 1, 1, 20, 0),
(4983, 14, 6, 2, 2, 1, 1, 20, 0),
(4984, 15, 6, 2, 2, 1, 1, 20, 0),
(4985, 55, 6, 2, 2, 1, 1, 20, 0),
(4986, 13, 7, 2, 2, 1, 1, 3, 0),
(4987, 14, 7, 2, 2, 1, 1, 3, 0),
(4988, 15, 7, 2, 2, 1, 1, 2, 0),
(4989, 55, 7, 2, 2, 1, 1, 9, 0),
(4990, 13, 9, 2, 2, 1, 1, 0, 0),
(4991, 14, 9, 2, 2, 1, 1, 0, 0),
(4992, 15, 9, 2, 2, 1, 1, 0, 0),
(4993, 55, 9, 2, 2, 1, 1, 0, 0),
(4994, 13, 3, 2, 2, 1, 1, 12, 0),
(4995, 14, 3, 2, 2, 1, 1, 2, 0),
(4996, 15, 3, 2, 2, 1, 1, 14, 0),
(4997, 55, 3, 2, 2, 1, 1, 20, 0),
(4998, 13, 13, 2, 2, 1, 1, 20, 0),
(4999, 14, 13, 2, 2, 1, 1, 20, 0),
(5000, 15, 13, 2, 2, 1, 1, 20, 0),
(5001, 55, 13, 2, 2, 1, 1, 20, 0),
(5002, 13, 2, 2, 2, 2, 1, 0, 0),
(5003, 14, 2, 2, 2, 2, 1, 0, 0),
(5004, 15, 2, 2, 2, 2, 1, 0, 0),
(5005, 55, 2, 2, 2, 2, 1, 0, 0);

-- --------------------------------------------------------

--
-- Table structure for table `session`
--

CREATE TABLE `session` (
  `id` int(10) NOT NULL,
  `session` varchar(255) NOT NULL,
  `status` int(11) NOT NULL DEFAULT 0
) ENGINE=InnoDB DEFAULT CHARSET=utf8mb4;

--
-- Dumping data for table `session`
--

INSERT INTO `session` (`id`, `session`, `status`) VALUES
(1, '2018/2019', 0),
(2, '2019/2020', 0),
(3, '2021/2022', 1);

-- --------------------------------------------------------

--
-- Table structure for table `students`
--

CREATE TABLE `students` (
  `id` int(10) NOT NULL,
  `user_id` int(11) NOT NULL,
  `class` int(11) NOT NULL,
  `arabic_class` int(11) NOT NULL,
  `session` int(11) NOT NULL
) ENGINE=InnoDB DEFAULT CHARSET=utf8mb4;

--
-- Dumping data for table `students`
--

INSERT INTO `students` (`id`, `user_id`, `class`, `arabic_class`, `session`) VALUES
(1, 13, 2, 1, 1),
(2, 14, 2, 1, 1),
(3, 15, 2, 1, 1),
(4, 16, 4, 1, 3),
(5, 17, 4, 1, 3),
(6, 18, 4, 4, 3),
(7, 19, 4, 4, 3),
(8, 20, 4, 4, 3),
(9, 21, 4, 4, 3),
(10, 22, 4, 4, 3),
(11, 23, 4, 4, 3),
(12, 24, 4, 4, 3),
(13, 25, 4, 4, 3),
(14, 26, 4, 4, 3),
(15, 27, 4, 4, 3),
(16, 28, 4, 4, 3),
(17, 29, 4, 4, 3),
(18, 30, 4, 4, 3),
(19, 31, 4, 4, 3),
(20, 32, 4, 4, 3),
(21, 33, 4, 4, 3),
(22, 34, 4, 4, 3),
(23, 35, 4, 4, 3),
(24, 36, 4, 4, 3),
(25, 37, 4, 4, 3),
(26, 38, 4, 4, 3),
(27, 39, 4, 4, 3),
(28, 40, 4, 4, 3),
(29, 41, 4, 4, 3),
(30, 42, 3, 4, 3),
(31, 43, 4, 4, 3),
(32, 44, 4, 4, 3),
(33, 45, 4, 4, 3),
(34, 46, 4, 4, 3),
(35, 47, 4, 4, 3),
(36, 48, 4, 4, 3),
(37, 49, 4, 4, 3),
(38, 50, 4, 4, 3),
(39, 51, 5, 1, 3),
(40, 52, 0, 0, 0),
(41, 53, 4, 1, 0),
(42, 54, 4, 1, 3),
(43, 55, 2, 2, 1),
(44, 56, 4, 6, 3),
(45, 57, 4, 6, 3),
(46, 58, 4, 6, 3),
(47, 59, 4, 6, 3),
(48, 60, 4, 6, 3),
(49, 61, 4, 6, 3),
(50, 62, 4, 6, 3),
(51, 63, 4, 6, 3),
(52, 64, 4, 6, 3),
(53, 65, 4, 6, 3),
(54, 66, 4, 6, 3),
(55, 67, 4, 6, 3),
(56, 68, 4, 6, 3),
(57, 69, 4, 6, 3),
(58, 70, 4, 6, 3),
(59, 71, 4, 6, 3),
(60, 72, 4, 6, 3),
(61, 73, 4, 6, 3),
(62, 74, 4, 6, 3),
(63, 75, 4, 6, 3),
(64, 76, 4, 6, 3),
(65, 77, 4, 6, 3),
(66, 78, 4, 6, 3),
(67, 79, 4, 6, 3),
(68, 80, 4, 6, 3),
(69, 81, 4, 6, 3),
(70, 82, 4, 6, 3),
(71, 83, 4, 6, 3),
(72, 84, 4, 6, 3),
(73, 85, 4, 6, 3),
(74, 86, 4, 6, 3),
(75, 87, 4, 6, 3),
(76, 88, 4, 6, 3),
(77, 89, 4, 6, 3),
(78, 90, 4, 6, 3),
(79, 91, 4, 6, 3),
(80, 92, 4, 6, 3),
(81, 93, 4, 6, 3),
(82, 94, 4, 5, 3),
(83, 95, 4, 6, 3),
(84, 96, 4, 6, 3),
(85, 97, 4, 6, 3),
(86, 98, 4, 5, 3),
(87, 99, 4, 6, 3),
(88, 100, 4, 5, 3),
(89, 101, 4, 6, 3),
(90, 102, 4, 5, 3),
(91, 103, 4, 6, 3),
(92, 104, 4, 5, 3),
(93, 105, 4, 6, 3),
(94, 106, 4, 6, 3),
(95, 107, 4, 5, 3),
(96, 108, 4, 6, 3),
(97, 109, 4, 5, 3),
(98, 110, 4, 6, 3),
(99, 111, 4, 6, 3),
(100, 112, 4, 6, 3),
(101, 113, 4, 5, 3),
(102, 114, 4, 6, 3),
(103, 115, 4, 5, 3),
(104, 116, 4, 6, 3),
(105, 117, 4, 6, 3),
(106, 118, 4, 6, 3),
(107, 119, 4, 6, 3),
(108, 120, 4, 6, 3),
(109, 121, 4, 6, 3),
(110, 122, 4, 6, 3),
(111, 123, 4, 6, 3),
(112, 124, 4, 6, 3),
(113, 125, 4, 5, 3),
(114, 126, 4, 6, 3),
(115, 127, 4, 6, 3),
(116, 128, 4, 6, 3),
(117, 129, 4, 6, 3),
(118, 130, 4, 6, 3),
(119, 131, 4, 6, 3),
(120, 132, 4, 6, 3),
(121, 133, 4, 6, 3),
(122, 134, 4, 6, 3),
(123, 135, 4, 6, 3),
(124, 136, 4, 6, 3),
(125, 137, 4, 6, 3),
(126, 138, 4, 6, 3),
(127, 139, 4, 6, 3),
(128, 140, 4, 6, 3),
(129, 141, 4, 6, 3),
(130, 142, 4, 6, 3),
(131, 143, 4, 6, 3),
(132, 144, 4, 6, 3),
(133, 145, 4, 6, 3),
(134, 146, 4, 6, 3),
(135, 147, 4, 5, 3),
(136, 148, 4, 5, 3),
(137, 149, 4, 5, 3),
(138, 150, 4, 5, 3),
(139, 151, 4, 5, 3),
(140, 152, 4, 5, 3),
(141, 153, 4, 5, 3),
(142, 154, 4, 5, 3),
(143, 155, 4, 5, 3),
(144, 156, 4, 5, 3),
(145, 157, 4, 5, 3),
(146, 158, 4, 5, 3),
(147, 159, 4, 5, 3),
(148, 160, 4, 5, 3),
(149, 161, 4, 5, 3),
(150, 162, 4, 5, 3),
(151, 163, 4, 5, 3),
(152, 164, 4, 5, 3),
(153, 165, 4, 5, 3),
(154, 166, 4, 5, 3),
(155, 167, 4, 5, 3),
(156, 168, 4, 5, 3),
(157, 169, 4, 5, 3),
(158, 170, 4, 5, 3),
(159, 171, 4, 5, 3),
(160, 172, 4, 5, 3),
(161, 173, 4, 5, 3),
(162, 174, 4, 5, 3),
(163, 175, 4, 5, 3),
(164, 176, 4, 5, 3),
(165, 177, 4, 5, 3),
(166, 178, 4, 5, 3),
(167, 179, 4, 5, 3),
(168, 180, 4, 5, 3),
(169, 181, 4, 5, 3),
(170, 182, 4, 5, 3),
(171, 183, 4, 5, 3),
(172, 184, 4, 5, 3),
(173, 185, 4, 5, 3),
(174, 186, 4, 5, 3),
(175, 187, 4, 5, 3),
(176, 188, 4, 5, 3),
(177, 189, 4, 5, 3),
(178, 190, 4, 5, 3),
(179, 191, 4, 5, 3),
(180, 192, 4, 5, 3),
(181, 193, 4, 5, 3),
(182, 194, 4, 5, 3),
(183, 195, 4, 5, 3),
(184, 196, 4, 5, 3),
(185, 197, 4, 5, 3),
(186, 198, 4, 5, 3),
(187, 199, 4, 5, 3),
(188, 200, 4, 5, 3),
(189, 201, 4, 5, 3),
(190, 202, 4, 5, 3),
(191, 203, 4, 5, 3),
(192, 204, 4, 5, 3),
(193, 205, 4, 5, 3),
(194, 206, 4, 5, 3),
(195, 207, 4, 5, 3),
(196, 208, 4, 5, 3),
(197, 209, 4, 5, 3),
(198, 210, 4, 5, 3),
(199, 211, 4, 5, 3),
(200, 212, 4, 5, 3),
(201, 213, 4, 5, 3),
(202, 214, 4, 5, 3),
(203, 215, 4, 5, 3),
(204, 216, 5, 2, 3),
(205, 217, 5, 2, 3),
(206, 218, 5, 2, 3),
(207, 219, 5, 2, 3),
(208, 220, 5, 2, 3),
(209, 221, 5, 2, 3),
(210, 222, 5, 2, 3),
(211, 223, 5, 2, 3),
(212, 224, 5, 2, 3),
(213, 225, 5, 2, 3),
(214, 226, 5, 2, 3),
(215, 227, 5, 2, 3),
(216, 228, 5, 2, 3),
(217, 229, 5, 2, 3),
(218, 230, 5, 2, 3),
(219, 231, 5, 2, 3),
(220, 232, 5, 2, 3),
(221, 233, 5, 2, 3),
(222, 234, 5, 2, 3),
(223, 235, 5, 2, 3),
(224, 236, 5, 2, 3),
(225, 237, 5, 2, 3),
(226, 238, 5, 2, 3),
(227, 239, 5, 2, 3),
(228, 240, 5, 2, 3),
(229, 241, 5, 2, 3),
(230, 242, 5, 2, 3),
(231, 243, 5, 2, 3),
(232, 244, 5, 2, 3),
(233, 245, 5, 2, 3),
(234, 246, 5, 2, 3),
(235, 247, 5, 2, 3),
(236, 248, 5, 2, 3),
(237, 249, 5, 2, 3),
(238, 250, 5, 2, 3),
(239, 251, 5, 2, 3),
(240, 252, 5, 2, 3),
(241, 253, 5, 2, 3),
(242, 254, 5, 2, 3),
(243, 255, 5, 2, 3),
(244, 256, 5, 2, 3),
(245, 257, 5, 2, 3),
(246, 258, 5, 2, 3),
(247, 259, 5, 2, 3),
(248, 260, 5, 2, 3),
(249, 261, 5, 2, 3),
(250, 262, 5, 2, 3),
(251, 263, 5, 2, 3),
(252, 264, 5, 2, 3),
(253, 265, 5, 2, 3),
(254, 266, 5, 2, 3),
(255, 267, 5, 2, 3),
(256, 268, 5, 2, 3),
(257, 269, 5, 2, 3),
(258, 270, 5, 2, 3),
(259, 271, 5, 2, 3),
(260, 272, 5, 2, 3),
(261, 273, 5, 2, 3),
(262, 274, 5, 2, 3),
(263, 275, 5, 2, 3),
(264, 276, 4, 1, 3),
(265, 277, 4, 1, 3),
(266, 278, 4, 1, 3),
(267, 279, 4, 1, 3),
(268, 280, 4, 1, 3),
(269, 281, 4, 1, 3),
(270, 282, 4, 1, 3),
(271, 283, 4, 1, 3),
(272, 284, 4, 1, 3),
(273, 285, 4, 1, 3),
(274, 286, 4, 1, 3),
(275, 287, 4, 1, 3),
(276, 288, 4, 1, 3),
(277, 289, 4, 1, 3),
(278, 290, 4, 1, 3),
(279, 291, 4, 1, 3),
(280, 292, 4, 1, 3),
(281, 293, 4, 1, 3),
(282, 294, 4, 1, 3),
(283, 295, 4, 1, 3),
(284, 296, 4, 1, 3),
(285, 297, 4, 1, 3),
(286, 298, 4, 1, 3),
(287, 299, 4, 1, 3),
(288, 300, 4, 1, 3),
(289, 301, 4, 1, 3),
(290, 302, 4, 1, 3),
(291, 303, 4, 1, 3),
(292, 304, 4, 1, 3),
(293, 305, 4, 1, 3),
(294, 306, 4, 1, 3),
(295, 307, 4, 1, 3),
(296, 308, 4, 1, 3),
(297, 309, 4, 1, 3),
(298, 310, 4, 1, 3),
(299, 311, 4, 1, 3),
(300, 312, 4, 1, 3),
(301, 313, 4, 1, 3),
(302, 314, 4, 1, 3),
(303, 315, 4, 1, 3),
(304, 316, 4, 1, 3),
(305, 317, 4, 1, 3),
(306, 318, 4, 1, 3),
(307, 319, 4, 1, 3),
(308, 320, 4, 1, 3),
(309, 321, 4, 1, 3),
(310, 322, 4, 1, 3),
(311, 323, 4, 1, 3),
(312, 324, 4, 1, 3),
(313, 325, 4, 1, 3),
(314, 326, 4, 1, 3),
(315, 327, 4, 1, 3),
(316, 328, 4, 1, 3),
(317, 329, 4, 1, 3),
(318, 330, 4, 1, 3),
(319, 331, 4, 1, 3),
(320, 332, 4, 1, 3),
(321, 333, 4, 1, 3),
(322, 334, 4, 1, 3),
(323, 335, 4, 1, 3),
(324, 336, 4, 1, 3),
(325, 337, 4, 1, 3),
(326, 338, 4, 1, 3),
(327, 339, 4, 1, 3),
(328, 340, 4, 1, 3),
(329, 341, 4, 1, 3),
(330, 342, 4, 1, 3),
(331, 343, 4, 1, 3),
(332, 344, 4, 1, 3),
(333, 345, 4, 1, 3),
(334, 346, 4, 1, 3),
(335, 347, 4, 1, 3),
(336, 348, 4, 1, 3),
(337, 349, 4, 1, 3),
(338, 350, 4, 2, 3),
(339, 351, 4, 2, 3),
(340, 352, 4, 2, 3),
(341, 353, 4, 2, 3),
(342, 354, 4, 2, 3),
(343, 355, 4, 2, 3),
(344, 356, 4, 2, 3),
(345, 357, 4, 2, 3),
(346, 358, 4, 2, 3),
(347, 359, 4, 2, 3),
(348, 360, 4, 2, 3),
(349, 361, 4, 2, 3),
(350, 362, 4, 2, 3),
(351, 363, 4, 2, 3),
(352, 364, 4, 2, 3),
(353, 365, 4, 2, 3),
(354, 366, 4, 2, 3),
(355, 367, 4, 2, 3),
(356, 368, 4, 2, 3),
(357, 369, 4, 2, 3),
(358, 370, 4, 2, 3),
(359, 371, 4, 2, 3),
(360, 372, 4, 2, 3),
(361, 373, 4, 2, 3),
(362, 374, 4, 2, 3),
(363, 375, 4, 2, 3),
(364, 376, 4, 2, 3),
(365, 377, 4, 2, 3),
(366, 378, 4, 2, 3),
(367, 379, 4, 2, 3),
(368, 380, 4, 2, 3),
(369, 381, 4, 2, 3),
(370, 382, 4, 2, 3),
(371, 383, 4, 2, 3),
(372, 384, 4, 2, 3),
(373, 385, 4, 2, 3),
(374, 386, 4, 2, 3),
(375, 387, 4, 2, 3),
(376, 388, 4, 2, 3),
(377, 389, 4, 2, 3),
(378, 390, 4, 2, 3),
(379, 391, 4, 2, 3),
(380, 392, 4, 2, 3),
(381, 393, 4, 2, 3),
(382, 394, 4, 2, 3),
(383, 395, 4, 2, 3),
(384, 396, 4, 2, 3),
(385, 397, 4, 2, 3),
(386, 398, 4, 2, 3),
(387, 399, 4, 2, 3),
(388, 400, 4, 2, 3),
(389, 401, 4, 2, 3),
(390, 402, 4, 2, 3),
(391, 403, 4, 2, 3),
(392, 404, 4, 2, 3),
(393, 405, 4, 2, 3),
(394, 406, 4, 2, 3),
(395, 407, 4, 2, 3),
(396, 408, 4, 2, 3),
(397, 409, 4, 2, 3),
(398, 410, 4, 2, 3),
(399, 411, 4, 2, 3),
(400, 412, 4, 2, 3),
(401, 413, 4, 2, 3),
(402, 414, 4, 2, 3),
(403, 415, 4, 2, 3),
(404, 416, 4, 3, 3),
(405, 417, 4, 3, 3),
(406, 418, 4, 3, 3),
(407, 419, 4, 3, 3),
(408, 420, 4, 3, 3),
(409, 421, 4, 3, 3),
(410, 422, 4, 3, 3),
(411, 423, 4, 3, 3),
(412, 424, 4, 3, 3),
(413, 425, 4, 3, 3),
(414, 426, 4, 3, 3),
(415, 427, 4, 3, 3),
(416, 428, 4, 3, 3),
(417, 429, 4, 3, 3),
(418, 430, 4, 3, 3),
(419, 431, 4, 3, 3),
(420, 432, 4, 3, 3),
(421, 433, 4, 3, 3),
(422, 434, 4, 3, 3),
(423, 435, 4, 3, 3),
(424, 436, 4, 3, 3),
(425, 437, 4, 3, 3),
(426, 438, 4, 3, 3),
(427, 439, 4, 3, 3),
(428, 440, 4, 3, 3),
(429, 441, 4, 3, 3),
(430, 442, 4, 3, 3),
(431, 443, 4, 3, 3),
(432, 444, 4, 3, 3),
(433, 445, 4, 3, 3),
(434, 446, 4, 3, 3),
(435, 447, 4, 3, 3),
(436, 448, 4, 3, 3),
(437, 449, 4, 3, 3),
(438, 450, 4, 3, 3),
(439, 451, 4, 3, 3),
(440, 452, 4, 3, 3),
(441, 453, 4, 3, 3),
(442, 454, 4, 3, 3),
(443, 455, 4, 3, 3),
(444, 456, 4, 3, 3),
(445, 457, 4, 3, 3),
(446, 458, 4, 3, 3),
(447, 459, 4, 3, 3),
(448, 460, 4, 3, 3),
(449, 461, 4, 3, 3),
(450, 462, 4, 3, 3),
(451, 463, 4, 3, 3),
(452, 464, 4, 3, 3),
(453, 465, 4, 3, 3),
(454, 466, 4, 3, 3),
(455, 467, 4, 3, 3),
(456, 468, 4, 3, 3),
(457, 469, 4, 3, 3),
(458, 470, 4, 3, 3),
(459, 471, 4, 3, 3),
(460, 472, 4, 3, 3),
(461, 473, 4, 3, 3),
(462, 474, 4, 3, 3),
(463, 475, 4, 3, 3),
(464, 476, 4, 3, 3),
(465, 477, 4, 3, 3),
(466, 478, 4, 3, 3),
(467, 479, 4, 3, 3),
(468, 480, 4, 3, 3),
(469, 481, 4, 3, 3),
(470, 482, 4, 3, 3),
(471, 483, 4, 3, 3),
(472, 484, 4, 3, 3),
(473, 485, 4, 2, 3),
(474, 486, 4, 6, 3),
(475, 487, 4, 5, 3),
(508, 13, 3, 2, 2),
(509, 14, 3, 2, 2),
(510, 15, 3, 2, 2),
(511, 55, 3, 1, 2),
(512, 13, 2, 2, 2),
(513, 496, 6, 1, 1),
(514, 512, 1, 0, 1),
(515, 514, 2, 1, 1),
(516, 515, 2, 1, 1);

-- --------------------------------------------------------

--
-- Table structure for table `subjects`
--

CREATE TABLE `subjects` (
  `id` int(11) NOT NULL,
  `subject` varchar(255) NOT NULL
) ENGINE=InnoDB DEFAULT CHARSET=utf8mb4;

--
-- Dumping data for table `subjects`
--

INSERT INTO `subjects` (`id`, `subject`) VALUES
(1, 'English Language '),
(2, 'Mathematics '),
(3, 'Mental Maths '),
(4, 'Basic Science '),
(5, 'Vocational'),
(6, 'General Knowledge '),
(7, 'Islamic Studies '),
(8, 'Social Studies '),
(9, 'Literature'),
(10, 'Quantitative Reasoning '),
(11, 'Verbal Reasoning '),
(12, 'Computer '),
(13, 'Scratch '),
(14, 'Diction'),
(15, 'Spelling ');

-- --------------------------------------------------------

--
-- Table structure for table `submissions`
--

CREATE TABLE `submissions` (
  `id` int(10) NOT NULL,
  `name` int(11) NOT NULL,
  `class` int(11) NOT NULL,
  `project` int(10) NOT NULL,
  `file` varchar(255) NOT NULL,
  `comments` text NOT NULL,
  `date` varchar(255) NOT NULL
) ENGINE=InnoDB DEFAULT CHARSET=utf8mb4;

--
-- Dumping data for table `submissions`
--

INSERT INTO `submissions` (`id`, `name`, `class`, `project`, `file`, `comments`, `date`) VALUES
(6, 0, 0, 5, 'AbdulahAbdulkareem test002.zip', 'I ❤  this project', '12:49:10pm 09/Mar/2021'),
(8, 0, 0, 5, 'Barakah Lawal test002.zip', 'May almighty allah guide me🙏🏼🙏🏼🙏🏼🙏🏼', '01:30:29pm 09/Mar/2021'),
(9, 0, 0, 5, 'Aamirah Bello test002 zipped.zip', 'Thank You For All Your Help May Allah bless you more than this{Ameeeen}', '01:32:07pm 09/Mar/2021'),
(11, 0, 0, 5, 'Lukman Hikmah Opeyemi test002.zip', '', '01:40:55pm 09/Mar/2021'),
(12, 0, 0, 5, 'teslimah billyamin 002.zip', '', '01:42:23pm 09/Mar/2021'),
(13, 0, 0, 5, 'Luqman Alejo Opeyemi.zip', 'No comments', '01:44:20pm 09/Mar/2021'),
(14, 0, 0, 5, 'zainab idris 002.zip', '', '01:47:21pm 09/Mar/2021'),
(15, 0, 0, 5, 'Compressed (zipped) Folder.zip', '', '01:51:37pm 09/Mar/2021'),
(16, 0, 0, 5, 'Olabowale Olamide EXAM.zip', '', '01:54:18pm 09/Mar/2021'),
(17, 0, 0, 5, 'Abdulbasit- billyamin002.zip', 'best assignment ever but difficult', '02:00:03pm 09/Mar/2021'),
(18, 0, 0, 5, 'sumaiyya idris 002.zip', '', '02:03:38pm 09/Mar/2021'),
(19, 0, 0, 5, 'habeebmidtermtest.zip', 'I am not done', '02:06:00pm 09/Mar/2021'),
(20, 0, 0, 5, 'khalid ass.zip', 'cool', '02:13:43pm 09/Mar/2021'),
(21, 0, 0, 5, 'Nafisah Lawal test002.zip', 'May Almighty Allah Guide me\r\nAmeen🙏🏼🙏🏼🙏🏼🙏🏼🙏🏼🙏🏼\r\n', '11:46:32am 11/Mar/2021'),
(22, 0, 0, 5, 'Mordear Moibi Test002.zip', 'Thank you so much sir', '01:38:36pm 11/Mar/2021'),
(23, 0, 0, 5, 'Raadiah Abdulateef test002 (2).zip', 'I Love HTML', '11:27:30am 12/Mar/2021'),
(24, 0, 0, 5, 'Khalid Mabinuori test 002.zip', '', '11:36:57am 12/Mar/2021'),
(25, 0, 0, 5, 'Shittu alameen002 (2).zip', 'Html is the best', '11:37:56am 12/Mar/2021'),
(27, 0, 0, 5, 'Korede Shittu 302.zip', '', '11:48:47am 12/Mar/2021'),
(28, 0, 0, 5, 'AMMAR ABDULKAREEM TEST (002).zip', '', '11:52:00am 12/Mar/2021'),
(29, 0, 0, 5, 'Asupoto Abdulsalam Test002.zip', '', '11:53:13am 12/Mar/2021'),
(31, 0, 0, 5, 'maryam test002.zip', 'ooooooooooooooooooooooooooooooooooooooooooooooooooooooooooooooooooooooooooooooooooooooooooooooooooooooooooooooooooooooooooooooooooooooooooooooooooooooooooooohhhhhhhhhhhhhhhhhhhhhhhhhhhhhhhhhhhhhhhhhhhhhhhhhhhhhhhhhhhhhhhhhhhhhhhhhhhhhhhhhhhhhhhhhhhhhhhhhhhhhh', '12:08:56pm 12/Mar/2021'),
(32, 0, 0, 5, 'aliyu test 002.zip', '', '12:09:40pm 12/Mar/2021'),
(33, 0, 0, 5, 'ameerah002.zip', 'Alhamdullilah', '12:29:53pm 12/Mar/2021'),
(34, 0, 0, 5, 'MAKANJUOLA MUHAMMAD TEST 002.zip', 'O Allah let me pass', '01:42:23pm 18/Mar/2021'),
(36, 0, 0, 5, 'abdulhaqqtest(002).zip', 'good luck Abdulhaqq', '01:34:46pm 25/Mar/2021'),
(37, 0, 0, 5, 'faruqabdussalam  Test002.zip', 'Good!!!', '01:40:04pm 25/Mar/2021'),
(38, 0, 0, 5, 'mahmud test(002).zip', 'good luck', '01:40:25pm 25/Mar/2021'),
(39, 0, 0, 5, 'ISLAMIYYAH YUSUF TEST 002.zip', '', '02:05:14pm 25/Mar/2021'),
(40, 0, 0, 5, 'idris tahir002.zip', '', '02:19:56pm 25/Mar/2021'),
(41, 0, 0, 5, 'Uthman folarin test 2021.zip', 'THANKS', '02:20:11pm 25/Mar/2021'),
(42, 0, 0, 8, 'Fadilat Odebiyi Exam002.zip', '', '03:55:19pm 29/Mar/2021'),
(43, 0, 0, 8, 'Bello nabeelah exam002.zip', 'thank you sir', '03:56:44pm 29/Mar/2021'),
(44, 0, 0, 8, 'Abdullah abdulkareem exam002.zip', '😭😭😭😭😭😭', '04:06:49pm 29/Mar/2021'),
(45, 0, 0, 8, 'aliyu muhammed exam 002.zip', 'i wish my self good luck', '04:12:24pm 29/Mar/2021'),
(46, 0, 0, 8, 'ISMAIL-MUBARAK EXAM 002.zip', 'I LOVE THIS PROJECT', '04:12:35pm 29/Mar/2021'),
(47, 0, 0, 8, 'Raadiah Abdulateef exam002.zip', 'I love html ', '04:13:54pm 29/Mar/2021'),
(48, 0, 0, 8, 'tahir idris exam002.zip', '', '04:14:09pm 29/Mar/2021'),
(49, 0, 0, 8, 'ADEGBOYE faisatexam002.zip', 'it was so tough i did my best and leave the  rest but i did not finish.', '04:16:07pm 29/Mar/2021'),
(50, 0, 0, 8, 'islamiyah yusuf exam002.zip', '', '04:20:14pm 29/Mar/2021'),
(51, 0, 0, 8, 'FateenAbdul-jaleel exam 002.zip', 'thank you sir', '04:20:17pm 29/Mar/2021'),
(52, 0, 0, 8, 'Fatima Abdul Qadir exam 002.zip', 'OK', '04:21:03pm 29/Mar/2021'),
(53, 0, 0, 8, 'ABDULATEEF OGUNBERU EXAM002.zip', 'I LOVE IT', '04:21:31pm 29/Mar/2021'),
(54, 0, 0, 8, 'onafeko idiatexam002.zip', '', '04:21:38pm 29/Mar/2021'),
(55, 0, 0, 8, 'AKAMOMUKADAS EXAM002 (2).zip', 'IT WAS TOUGH', '04:29:36pm 29/Mar/2021'),
(56, 0, 0, 8, 'Korede Shittu Exam 002.zip', 'Not so tough', '03:53:00pm 30/Mar/2021'),
(57, 0, 0, 8, 'faruqabdussalam exam 002.zip', 'Alhamdulillah', '04:03:09pm 30/Mar/2021'),
(58, 0, 0, 8, 'Nafisah Lawal exam002.zip', 'HTML \r\ntough among all subject', '04:12:08pm 30/Mar/2021'),
(59, 0, 0, 8, 'Ammar Abdulkareem exam002.zip', 'thank you sir\r\nbye sir', '04:13:30pm 30/Mar/2021'),
(60, 0, 0, 8, 'otufowora fathia exam002.zip', 'html\r\nnonsense\r\n', '04:15:14pm 30/Mar/2021'),
(61, 0, 0, 8, 'Abdulfatai Tawakalt.zip', 'tHANK yOU sIR', '04:16:33pm 30/Mar/2021'),
(62, 0, 0, 8, 'Idowu Ridwan exam002.zip', 'mr abdulhakeem 100', '04:16:37pm 30/Mar/2021'),
(63, 0, 0, 8, 'mahmud shogbuyi exam002.zip', '', '04:17:16pm 30/Mar/2021'),
(64, 0, 0, 8, 'moibi mordear exam002.zip', 'Kind of easy and also tough, please make mistake and give me 100/100', '04:17:42pm 30/Mar/2021'),
(65, 0, 0, 8, 'abdullah imran exam 002.zip', 'Too tough', '04:18:08pm 30/Mar/2021'),
(66, 0, 0, 8, 'Bello Aamirah  Exam002.zip', 'Mr abdulakeem it was easy at some points but tough may allah bless u {amen}', '04:19:08pm 30/Mar/2021'),
(67, 0, 0, 8, 'khairataromaexam002.zip', 'fathia made a mistake in her comment', '04:19:09pm 30/Mar/2021'),
(68, 0, 0, 8, 'Lawal Barakah Exam002.zip', 'sir please give me 100 100 .\\r\\nsir I made some mistake  but it was good alhamdullilah', '04:19:49pm 30/Mar/2021'),
(69, 0, 0, 8, 'Abdulhaqqexam002.zip', '', '04:21:05pm 30/Mar/2021'),
(70, 0, 0, 8, 'MURITALA ABDULRAHMAN EXAM002.zip', 'GOOD LUCK', '04:21:47pm 30/Mar/2021'),
(71, 0, 0, 8, 'Mafe Abdulmalik exam002.zip', 'Thank you sir', '04:26:28pm 30/Mar/2021'),
(72, 0, 0, 8, 'Luqman alejo exam002.zip', 'System error ❗❗❗❗❗❗❗❗❗❗❗❗❗❗❗❗\r\nFIle corrupted \r\nvirus detected:\r\nType: Trojan horse\r\nShut down wndows immediately ❗❗❗❗❗❗❗❗❗', '02:39:34pm 31/Mar/2021'),
(73, 0, 0, 8, 'zainab idris exam002.zip', '', '02:55:41pm 31/Mar/2021'),
(74, 0, 0, 8, 'Lukman Hikmah Exam002.zip', '', '03:00:57pm 31/Mar/2021'),
(75, 0, 0, 8, 'teslimah exam002.zip', '', '03:01:13pm 31/Mar/2021'),
(76, 0, 0, 8, 'OLABOWALE OLAMIDE exam002.zip', '', '03:03:04pm 31/Mar/2021'),
(77, 0, 0, 8, 'Folarin Uthman Exam 002.zip', ' Sir Mark With Soft Heart Plsss 😶', '03:04:50pm 31/Mar/2021'),
(78, 0, 0, 8, 'Olorunfunmi Sultan002.zip', 'AHHHHHHHHHHHHHHHHH', '03:05:27pm 31/Mar/2021'),
(79, 0, 0, 8, 'Aromasodu Nosirudeen exam002.zip', 'The exam is hard oo ah toohard', '03:05:47pm 31/Mar/2021'),
(80, 0, 0, 8, 'Khalid exam 002.zip', '', '03:07:28pm 31/Mar/2021'),
(81, 0, 0, 8, 'abdulmateen002.zip', 'love it!!!!! hard but interesting', '03:07:46pm 31/Mar/2021'),
(82, 0, 0, 8, 'Abbdulbasit billyamin EXAM002.zip', 'AWESOME', '03:07:54pm 31/Mar/2021'),
(83, 0, 0, 8, 'Abdulhameed habeeb exam 002.zip', 'I tried my best but ', '03:09:04pm 31/Mar/2021'),
(84, 0, 0, 8, 'idrisabdulkadir exam002.zip', 'thanks', '03:09:42pm 31/Mar/2021'),
(85, 0, 0, 8, 'AL AMEEN SHITTU EXAM 002.zip', 'I love html', '03:09:52pm 31/Mar/2021'),
(86, 0, 0, 8, 'Abdulquoyum Exam 002.zip', '', '03:10:17pm 31/Mar/2021'),
(87, 0, 0, 8, 'hanifah ogunberu exam002.zip', 'triied my best ', '03:10:17pm 31/Mar/2021'),
(88, 0, 0, 8, 'khalid popoola exam002.zip', 'sir please help me add 1 mark please sir i am begging you know we are both from oyo state ', '03:10:20pm 31/Mar/2021'),
(89, 0, 0, 8, 'Idris Sumayya exam 002.zip', '', '03:10:45pm 31/Mar/2021'),
(90, 0, 0, 8, 'AROMASODU QUAMDEEN exam002.zip', '', '03:12:06pm 31/Mar/2021'),
(91, 0, 0, 8, 'abdul ganiy sosiq exam 002.zip', '', '03:12:27pm 31/Mar/2021'),
(92, 0, 0, 8, 'ameerah muhammed exam002.zip', '', '03:12:42pm 31/Mar/2021'),
(93, 0, 0, 8, 'ajide mariam  exam 002 (2).zip', 'so complexxxxxxxxxxxxxxxxxxxxxxxxxxxxxxxxxxxxxxxxxx', '03:14:32pm 31/Mar/2021'),
(94, 0, 0, 8, 'abdurrazaq adul malik exam 002.zip', '', '03:16:34pm 31/Mar/2021'),
(95, 0, 0, 8, 'MAKANJUOLA MUHAMMED EXAM 002 (2).zip', ' ALLAH PLEASE HELP ME', '02:46:20pm 08/Apr/2021'),
(97, 0, 0, 9, 'Odebiyi Fadilat. ass003.zip', '', '12:42:51pm 18/Jun/2021'),
(98, 0, 0, 9, 'Raadiah Abdulateef.003.zip', '', '12:47:31pm 18/Jun/2021'),
(99, 0, 0, 9, 'islamiyah  yusuf.ass003.zip', '', '12:50:21pm 18/Jun/2021'),
(100, 0, 0, 9, 'abdullah abdulkareemasss003.zip', 'i love this assignment ooooooooooooooooooooooooooooooooooooooooooooooooooooooooooooooooo', '12:53:40pm 18/Jun/2021'),
(101, 0, 0, 9, 'idiat onafeko ass003.zip', '', '12:55:10pm 18/Jun/2021'),
(102, 0, 0, 9, 'khalid  Mabinuori ass 003.zip', '', '01:07:14pm 18/Jun/2021'),
(103, 0, 0, 9, 'Billyamin Teslimah Ass003.zip', '', '01:08:47pm 18/Jun/2021'),
(104, 0, 0, 9, 'Sultan OlorunfunmiAAS003.zip', 'DONE', '01:10:26pm 18/Jun/2021'),
(105, 0, 0, 9, 'Alejo Luqman ASS003.zip', '', '01:10:45pm 18/Jun/2021'),
(106, 0, 0, 9, 'AbdulBasitBillyaminassoo3.zip', '', '01:36:17pm 18/Jun/2021'),
(107, 0, 0, 9, 'Shittu Al ameen ass003.zip', '', '01:36:38pm 18/Jun/2021'),
(108, 0, 0, 9, 'Alimi Fawaz Ass 003.zip', 'thank', '09:29:49pm 18/Jun/2021'),
(109, 0, 0, 9, 'Lukman Hikmah.zip', '', '01:12:55pm 21/Jun/2021'),
(110, 0, 0, 9, 'FOLARIN UTHMAN ASS 003.zip', 'Done an Dusted', '03:00:33pm 21/Jun/2021'),
(111, 0, 0, 9, 'Abdulquoyum  Matti  Ass 003.zip', '', '03:04:27pm 21/Jun/2021'),
(112, 0, 0, 9, 'ABDULKADIR IDRIS ASS003.zip', '', '03:12:10pm 21/Jun/2021'),
(113, 0, 0, 9, 'Mubarakass003.zip', 'Cool mr abdul akeem i love the project', '03:38:19pm 21/Jun/2021'),
(114, 0, 0, 9, 'Ibrahimakinbodeass003.zip', 'keep it on sir i like your job well done i love this assignment sir.............?', '03:47:31pm 21/Jun/2021'),
(119, 0, 0, 9, 'quamdeen aromasodu(0003).zip', '', '03:25:35pm 22/Jun/2021'),
(120, 0, 0, 9, 'Sumaiyya Idris ass003.zip', '', '03:30:18pm 22/Jun/2021'),
(121, 0, 0, 9, 'abdulhameed habeebulah ass(003).zip', '', '03:31:30pm 22/Jun/2021'),
(122, 0, 0, 9, 'anifah.zip', 'okay', '03:34:16pm 22/Jun/2021'),
(123, 0, 0, 9, 'pr ass003.zip', 'try ur best', '02:38:04pm 24/Jun/2021'),
(124, 0, 0, 9, 'Bello Nabeelah Ass003.zip', 'Thank You Sir', '02:38:24pm 24/Jun/2021'),
(125, 0, 0, 9, 'fatimah abdulkadir ass003.zip', '', '02:41:16pm 24/Jun/2021'),
(126, 0, 0, 9, 'Billyaminabdulhaqqass(003).zip', 'Wish everyone GOODLUCK', '02:41:48pm 24/Jun/2021'),
(127, 0, 0, 9, 'moibi mordear ass003 (2).zip', 'thanks for the second chance sir', '02:42:04pm 24/Jun/2021'),
(128, 0, 0, 9, 'AMIR MUHAMMED ASS003.zip', 'I love html \r\n', '02:46:26pm 24/Jun/2021'),
(129, 0, 0, 9, 'Mahmudshogbuyiass003.zip', 'Comments', '02:51:16pm 24/Jun/2021'),
(130, 0, 0, 9, 'FATEEN ABDULJALEEL ASS 003.zip', 'NO COMMENT. THANKS FOR IT.\r\n \r\n', '02:53:46pm 24/Jun/2021'),
(131, 0, 0, 9, 'Idowu RidwanAss(003).zip', '', '03:04:34pm 24/Jun/2021'),
(132, 0, 0, 9, 'abdullateef ogunberu ass 003.zip', 'I love html', '03:06:54pm 24/Jun/2021'),
(133, 0, 0, 9, 'akamo mukodas ass 003.zip', '', '03:27:16pm 24/Jun/2021'),
(134, 0, 0, 9, 'abdulmateen003ass.zip', 'tough assignment', '02:43:42am 28/Jun/2021'),
(135, 0, 0, 9, 'ameerah0003.zip', 'Alhamdullilah', '02:54:34am 28/Jun/2021'),
(136, 0, 0, 9, 'mariam233.zip', 'Alhamdulilah\r\n', '03:00:54am 28/Jun/2021'),
(137, 0, 0, 9, 'Korede Shittu 303.zip', 'very easy', '03:05:01am 28/Jun/2021'),
(138, 0, 0, 9, 'Mid term.zip', '', '03:14:29am 28/Jun/2021'),
(139, 0, 0, 9, 'ABDULLAH IMRAN.zip', '', '03:20:02am 28/Jun/2021'),
(140, 0, 0, 9, 'khalid.zip', 'cool', '01:09:29am 29/Jun/2021'),
(141, 0, 0, 9, 'SODIQ .zip', 'nice', '01:16:08am 29/Jun/2021'),
(142, 0, 0, 9, 'ass 003.zip', '', '12:05:58am 01/Jul/2021'),
(144, 0, 0, 9, 'ADEGBOYE FAISAT ASS003 (2).zip', 'THANK YOU SIR', '09:48:59am 02/Jul/2021'),
(146, 0, 0, 10, 'abdulhameed habeebpolarisban.zip', 'this is all olamide\'s worrr', '06:24:37pm 26/Jul/2021'),
(147, 0, 0, 10, 'POLARIS BANK LUQMAN ALEJO.zip', 'i didnt do anything 😟', '06:25:34pm 26/Jul/2021'),
(148, 0, 0, 10, 'al ameen shittu polarisbank.zip', '', '06:26:15pm 26/Jul/2021'),
(149, 0, 0, 10, 'Abdul quoyum polaris bank assignment.zip', '', '06:27:47pm 26/Jul/2021'),
(150, 0, 0, 10, 'OLABOWALE OLAMIDE polaris bank.zip', '', '06:28:26pm 26/Jul/2021'),
(151, 0, 0, 10, 'POLARIS BANK ABDUL Ganiy Sodiq.zip', '', '06:28:36pm 26/Jul/2021'),
(152, 0, 0, 10, 'Abdulbasit Billyamin polaris Bank.zip', '', '06:30:41pm 26/Jul/2021'),
(153, 0, 0, 10, 'mabinuori khalid polarisbank.zip', '', '06:30:42pm 26/Jul/2021'),
(155, 0, 0, 10, 'zainab idris polaris.zip', '😁', '06:33:03pm 26/Jul/2021'),
(156, 0, 0, 10, 'Teslimah Billyamin polaris Bank.zip', '', '06:36:11pm 26/Jul/2021'),
(157, 0, 0, 10, 'sumayya idris polaris.zip', '', '06:39:29pm 26/Jul/2021'),
(158, 0, 0, 10, 'Abdulkadir idris polaris ass.zip', '@walid jr', '06:41:49pm 26/Jul/2021'),
(159, 0, 0, 11, 'Abdulhaqq Billyamin GTBANK.zip', '', '06:41:56pm 26/Jul/2021'),
(160, 0, 0, 10, 'Abdul Mateen polaris assignment.zip', '', '06:43:18pm 26/Jul/2021'),
(161, 0, 0, 10, 'Lukman Hikmah Opeyemi Polaris.zip', '', '06:43:19pm 26/Jul/2021'),
(162, 0, 0, 10, 'KhalidSultan Polaris Bank.zip', 'Peace\r\n', '06:45:19pm 26/Jul/2021'),
(163, 0, 0, 10, 'polaris (2).zip', 'alhamadullah', '07:00:06pm 26/Jul/2021'),
(164, 0, 0, 10, 'polaris     hanifah ogunberu.zip', 'alhamdullah', '07:05:42pm 26/Jul/2021'),
(165, 0, 0, 11, 'mahmudshogbuyimidtermtestGTBank.zip', '', '01:15:59pm 29/Jul/2021'),
(166, 0, 0, 11, 'moibi moibi gtbank.zip', 'sir please make mistake and give me 100/100 ejo wo o shim be wen', '01:17:40pm 29/Jul/2021'),
(167, 0, 0, 11, 'Aamirah bello GTBank.zip', 'Sir please make mistake and give mee 100/100 or even 1000/1000\r\n', '01:19:44pm 29/Jul/2021'),
(168, 0, 0, 11, 'islamiyah.zip', 'ok', '01:21:31pm 29/Jul/2021'),
(169, 0, 0, 11, 'Barrakah lawal GTBank.zip', 'sir i made mistake but  you should please give me 1000/100', '01:22:16pm 29/Jul/2021'),
(170, 0, 0, 11, 'amir muhammed.gtb bank.zip', 'I LOVE this html am wishing to make my website', '01:27:10pm 29/Jul/2021'),
(171, 0, 0, 11, 'abullah assignment.zip', 'very good', '01:30:20pm 29/Jul/2021'),
(173, 0, 0, 11, 'barakat.zip', 'ok', '01:30:58pm 29/Jul/2021'),
(174, 0, 0, 11, 'Fateen abduljaleel.gtb bank.zip', '', '01:31:50pm 29/Jul/2021'),
(175, 0, 0, 11, 'Raadiah Abdulateef2.zip', 'I love HTML', '01:35:35pm 29/Jul/2021'),
(176, 0, 0, 11, 'Odebiyi Fadilat2.zip', 'HTML RULES', '01:37:46pm 29/Jul/2021'),
(177, 0, 0, 11, 'idowu ridwan gtbank.zip', 'good of luck', '03:49:26pm 29/Jul/2021'),
(178, 0, 0, 11, 'murita abdurahman gtbank.zip', '', '03:51:01pm 29/Jul/2021'),
(179, 0, 0, 12, 'Odebiyi Fadilat exam003.zip', 'I hope i pass', '03:54:47pm 29/Jul/2021'),
(180, 0, 0, 12, 'Idowu Ridwan exam003.zip', 'I am sure of 59/60', '03:55:37pm 29/Jul/2021'),
(181, 0, 0, 12, 'mahmud shogbuyi exam003.zip', 'thank you sir', '03:55:53pm 29/Jul/2021'),
(182, 0, 0, 12, 'Muritala Abdulrahman exam 003.zip', 'may Allah Bless  Us And Make All Day A Good Day', '03:56:20pm 29/Jul/2021'),
(183, 0, 0, 12, 'Billyaminabdulhaqqexam003.zip', '', '03:58:33pm 29/Jul/2021'),
(184, 0, 0, 12, 'Tahir idris exam 003.zip', '', '04:01:59pm 29/Jul/2021'),
(185, 0, 0, 12, 'ABDULKADIR FATIMAH exam003.zip', 'THANK U', '04:02:33pm 29/Jul/2021'),
(186, 0, 0, 12, 'belloNabeelah exam003.zip', '', '04:03:12pm 29/Jul/2021'),
(187, 0, 0, 12, 'muqodas kukari.zip', '', '04:07:38pm 29/Jul/2021'),
(188, 0, 0, 11, 'muqodas kukari gtbank.zip', '', '04:14:42pm 29/Jul/2021'),
(189, 0, 0, 12, 'Lawal Barakah exam003.zip', 'it difficult but alhamdulilah it good ', '04:15:33pm 29/Jul/2021'),
(190, 0, 0, 12, 'Ismail-Mubarak exam003.zip', '', '04:16:49pm 29/Jul/2021'),
(191, 0, 0, 12, 'Aamirah Bello Exam003.zip', 'very hard', '04:18:07pm 29/Jul/2021'),
(192, 0, 0, 12, 'moibi mordear exam003.zip', 'very anoying', '04:22:44pm 29/Jul/2021'),
(193, 0, 0, 12, 'AKAMO MUKADAS033.zip', 'you are very annoying sir', '04:24:25pm 29/Jul/2021'),
(194, 0, 0, 12, 'Raadiah Abdulateef exam003.zip', 'I Lo', '04:24:30pm 29/Jul/2021'),
(195, 0, 0, 12, 'onafeko idiat exam003.zip', '', '04:25:21pm 29/Jul/2021'),
(196, 0, 0, 12, 'ABULLATEEF OGUNBERU EXAM003.zip', 'ILOVE IT', '04:26:19pm 29/Jul/2021'),
(197, 0, 0, 12, 'ISLAMIYAH YUSUFEXAM003.zip', 'ok', '04:26:34pm 29/Jul/2021'),
(198, 0, 0, 12, 'Amir muhammed exam 003.zip', 'i wish my self good luck and may god bless html', '04:26:58pm 29/Jul/2021'),
(199, 0, 0, 12, 'Fateen Abdul-jaleel exam003 (2).zip', '', '04:31:58pm 29/Jul/2021'),
(200, 0, 0, 12, 'Abdulkareem abdullah exam003.zip', '', '04:50:36pm 29/Jul/2021'),
(201, 0, 0, 13, 'Shittu Al ameen ss1 DPexam 003.zip', 'DP is the best', '01:25:20am 02/Aug/2021'),
(202, 0, 0, 13, 'dp practical hanifah.zip', '\r\ntry my best \r\n\r\n\r\n\r\n\r\n\r\n\r\n\r\n\r\n\r\n\r\n\r\n\r\n\r\n\r\n', '01:25:21am 02/Aug/2021'),
(204, 0, 0, 13, 'AROMASODU QUAMDEEN D.P 403.zip', '', '01:34:31am 02/Aug/2021'),
(205, 0, 0, 13, 'Billyamin Abdulbasit ss1 DP403.zip', '', '01:36:55am 02/Aug/2021'),
(206, 0, 0, 13, 'FAWAZ DP EXAM.zip', '', '01:38:14am 02/Aug/2021'),
(207, 0, 0, 13, 'DATA PROCESSING EXAM.zip', 'For more Enqiries: call 07068513358 or email luqmanalejo1@gmail.com\r\n', '01:39:40am 02/Aug/2021'),
(208, 0, 0, 13, 'Abdul mateen 3rd term exam DP.zip', '', '01:44:26am 02/Aug/2021'),
(209, 0, 0, 13, 'IDRIS SUMAYYA.zip', '', '01:44:58am 02/Aug/2021'),
(210, 0, 0, 13, 'ABDULKADIR IDRIS DATA PROSESSING EXAM 503.zip', '@WALID JR', '01:46:24am 02/Aug/2021'),
(211, 0, 0, 13, 'Lukman Hikmah D.P EXAM 503.zip', '', '01:49:58am 02/Aug/2021'),
(212, 0, 0, 13, 'Zainab Idris DP.zip', '', '01:50:23am 02/Aug/2021'),
(213, 0, 0, 13, 'TESLIMAH DP503.zip', '', '01:51:29am 02/Aug/2021'),
(214, 0, 0, 13, 'Book12.zip', 'cool', '01:53:41am 02/Aug/2021'),
(215, 0, 0, 13, 'MUHAMMAD AMEERAH.zip', 'COMMENTI CO', '02:00:02am 02/Aug/2021'),
(216, 0, 0, 13, 'book11.zip', 'so easy', '02:00:27am 02/Aug/2021'),
(217, 0, 0, 13, 'nosirudeen aromasodu.d.p.zip', '', '02:01:53am 02/Aug/2021'),
(218, 0, 0, 13, 'Dp.Folarin Uthman.zip', '\r\nLol\r\n\r\n\r\n\r\n\r\n\r\n\r\n\r\n\r\n\r\n\r\n\r\n\r\n\r\n\r\n\r\n\r\n\r\n\r\n\r\n\r\n\r\n\r\n\r\n\r\n\r\n\r\n\r\n\r\n\r\n\r\n\r\n\r\n\r\n\r\n\r\n.', '02:05:01am 02/Aug/2021'),
(219, 0, 0, 13, 'Sultan Olorunfunmi DP exam.zip', 'Done', '02:05:09am 02/Aug/2021'),
(220, 0, 0, 13, 'Abdulhameed habeeb 3rd term exam DP.zip', '', '02:05:56am 02/Aug/2021'),
(221, 0, 0, 13, 'Matti Abdul quoyum corel draw.zip', '', '02:06:48am 02/Aug/2021'),
(222, 0, 0, 13, 'MABINUORI KHALID DATA PROCESSING EXAM 503.zip', '', '02:44:00am 02/Aug/2021'),
(223, 0, 0, 10, 'MARYAM AJIDE POLARIS BANK.zip', '', '01:37:53pm 09/Aug/2021'),
(224, 0, 0, 9, 'zaianb idris.zip', '', '01:42:25pm 09/Aug/2021'),
(225, 0, 0, 11, 'Idris Tahir Gtbank.zip', '', '08:25:43am 11/Aug/2021'),
(226, 0, 0, 12, 'ALEJO LUQMAN OPEYEMI exam003.zip', '2:05 pm', '02:04:19pm 11/Aug/2021'),
(227, 0, 0, 12, 'ABDULHAMEED HABEEBLAH exam003.zip', '😥😓mr abdulhakeem pls give me 60🙊🙈', '02:08:04pm 11/Aug/2021'),
(228, 0, 0, 9, 'AROMASODU NOSIRUDEEN  EXAM003.zip', 'it is too hard', '02:08:22pm 11/Aug/2021'),
(229, 0, 0, 12, 'ABDULMATEEN ABDUL JALEEL EXAM003.zip', '', '02:12:15pm 11/Aug/2021'),
(231, 0, 0, 12, 'ABURRAZAQ ABDULMALIK EXAM003.zip', 'DONT AV ANY COMMENT SAYING IS HARD TO ME \r\nY\r\nN\r\nO\r\nW\r\nH\r\nM\r\nM', '02:12:57pm 11/Aug/2021'),
(232, 0, 0, 12, 'Zainab Idris exam003.zip', '', '02:17:42pm 11/Aug/2021'),
(233, 0, 0, 12, 'Al ameen shittu exam003.zip', '', '02:20:26pm 11/Aug/2021'),
(234, 0, 0, 12, 'Billyaminn Teslimahexam003.zip', '', '02:29:34pm 11/Aug/2021'),
(235, 0, 0, 12, 'Folarin Uthman Exam003.zip', 'Yah Allah', '02:31:00pm 11/Aug/2021'),
(236, 0, 0, 12, 'Lukman Hikmah EXAM 003.zip', '', '02:31:12pm 11/Aug/2021'),
(237, 0, 0, 12, 'HANIFAH OGUNBERU EXAM003.zip', '', '02:32:08pm 11/Aug/2021'),
(239, 0, 0, 12, 'Mabinuori Khalid exam003.zip', '', '02:34:29pm 11/Aug/2021'),
(240, 0, 0, 12, 'Idris Sumayya exam003.zip', '', '02:41:22pm 11/Aug/2021'),
(241, 0, 0, 12, 'ajide mariam exam003.zip', 'so complicated', '02:41:39pm 11/Aug/2021'),
(242, 0, 0, 10, 'Polaris.zip', 'E Choke🤣🤣🤣🤣🤣', '02:42:12pm 11/Aug/2021'),
(243, 0, 0, 12, 'olokunola sultan003.zip', 'i did nonsense sir please make mistake and give me 1000/100\r\n', '02:43:10pm 11/Aug/2021'),
(244, 0, 0, 12, 'Barrakat Aromasodu  exam 003.zip', '', '02:43:38pm 11/Aug/2021'),
(245, 0, 0, 12, 'OLORUNFUNMISULTANEXAM003.zip', 'DONE', '02:50:26pm 11/Aug/2021'),
(246, 0, 0, 12, 'khalid popoola exam003.zip', 'sir please help your son big apple (khalid)', '02:50:34pm 11/Aug/2021'),
(247, 0, 0, 10, 'Polaris.jagun.zip', 'lmao', '02:50:38pm 11/Aug/2021'),
(248, 0, 0, 12, 'AROMASODU QUAMDEEN EXAM 003.zip', '', '02:52:22pm 11/Aug/2021'),
(249, 0, 0, 10, 'Bello Aamira ass003.zip', 'sorry for submitting late sir', '02:53:28pm 11/Aug/2021'),
(250, 0, 0, 12, 'Nosirudeen Aromasodu EXAM003.zip', 'it is hard', '02:56:46pm 11/Aug/2021'),
(251, 0, 0, 12, 'Idris abdulkadir exam 003 (4).zip', '', '03:06:53pm 11/Aug/2021'),
(252, 0, 0, 9, 'Lawal Barakah ass003.zip', 'sorry that i submit late ,i am really sory', '03:10:31pm 11/Aug/2021'),
(253, 0, 0, 12, 'Fawaz Alimi Exam 003.zip', '', '03:10:44pm 11/Aug/2021'),
(254, 0, 0, 12, 'Abdulbasit Billyamin exam003.zip', '', '03:11:50pm 11/Aug/2021'),
(255, 0, 0, 12, 'ameerah muhammad exam003.zip', 'commenti co commenti ni', '02:59:48pm 12/Aug/2021'),
(256, 0, 0, 12, 'akinbode ibrahim exam003.zip', '', '03:02:24pm 12/Aug/2021'),
(258, 0, 0, 14, 'queens (4).zip', '', '04:03:57am 01/May/2022'),
(261, 13, 3, 14, 'midterm (1).pdf', '', '10:32:26pm 01/May/2022');

-- --------------------------------------------------------

--
-- Table structure for table `teachers`
--

CREATE TABLE `teachers` (
  `id` int(11) NOT NULL,
  `name` int(11) NOT NULL,
  `subject` int(11) NOT NULL
) ENGINE=InnoDB DEFAULT CHARSET=utf8mb4;

--
-- Dumping data for table `teachers`
--

INSERT INTO `teachers` (`id`, `name`, `subject`) VALUES
(1, 497, 1),
(2, 497, 2),
(3, 497, 3),
(4, 497, 7),
(5, 497, 12),
(6, 498, 1),
(7, 498, 2),
(8, 499, 14),
(10, 500, 6),
(11, 500, 7),
(12, 500, 8),
(13, 500, 9),
(14, 508, 1),
(16, 508, 3),
(19, 499, 1),
(22, 499, 7),
(23, 499, 11),
(24, 499, 4),
(25, 499, 5),
(27, 499, 8),
(28, 499, 10),
(29, 499, 12),
(31, 499, 15),
(32, 499, 2),
(33, 499, 3),
(34, 499, 9),
(35, 508, 2),
(36, 508, 5),
(37, 508, 7),
(38, 508, 12),
(39, 508, 14);

-- --------------------------------------------------------

--
-- Table structure for table `term`
--

CREATE TABLE `term` (
  `id` int(10) NOT NULL,
  `term` varchar(255) NOT NULL
) ENGINE=InnoDB DEFAULT CHARSET=utf8mb4;

--
-- Dumping data for table `term`
--

INSERT INTO `term` (`id`, `term`) VALUES
(1, 'First'),
(2, 'Second'),
(3, 'Third');

-- --------------------------------------------------------

--
-- Table structure for table `test`
--

CREATE TABLE `test` (
  `id` int(10) NOT NULL,
  `name` varchar(255) NOT NULL,
  `class` varchar(255) NOT NULL,
  `file` varchar(255) NOT NULL,
  `comments` text NOT NULL,
  `address` varchar(255) NOT NULL,
  `time` varchar(255) NOT NULL
) ENGINE=InnoDB DEFAULT CHARSET=utf8mb4;

--
-- Dumping data for table `test`
--

INSERT INTO `test` (`id`, `name`, `class`, `file`, `comments`, `address`, `time`) VALUES
(1, 'ABOLADE', 'Jss 2', 'Gravitational Field _ ClassHall.comt6test.html', 'asdfghj', '', '11:47:36am 24/Nov/2020'),
(2, 'Korede Shittu', 'Jss 3', 'inline.html', 'good', '', '12:15:39pm 25/Nov/2020'),
(3, 'Nafisah Lawal', 'Jss 3', 'Form .html', 'Beautiful', '', '12:24:49pm 25/Nov/2020'),
(4, 'billyamin abdulhaqq', 'Jss 2', 'project test.html', '', '', '12:45:38pm 25/Nov/2020'),
(5, 'odebiyi fadilat', 'Jss 1', 'beautifyed.html', '', '', '12:45:38pm 25/Nov/2020'),
(6, 'Abdulkadir Fatimah', 'Jss 1', 'baby.html', '', '', '12:45:39pm 25/Nov/2020'),
(7, 'idris tahir', 'Jss 1', 'Test.html', '', '', '12:45:40pm 25/Nov/2020'),
(8, 'Aamirah bello', 'Jss 2', 'bink2.html', '', '', '12:45:51pm 25/Nov/2020'),
(9, 'islamiyah', 'Jss 1', '123456789.html', '', '', '12:46:10pm 25/Nov/2020'),
(10, 'abdullah and amir', 'Jss 1', 'new.html', '', '', '12:46:21pm 25/Nov/2020'),
(11, 'lukman hikmah opeyemi', 'SS 2', 'LUKMAN HIKMAH OPEYEMI.zip', '', '', '01:38:43pm 25/Nov/2020'),
(12, 'Fawaz,Idris&Luqman ', 'SS 2', 'Fawaz.rar', 'Sir you\'re owing me \r\n                                                                              Luqman', '', '01:39:08pm 25/Nov/2020'),
(13, 'Asmaa Idris Kadiri', 'SS 3', 'ASMAA IDRIS KADIRI.zip', '', '', '01:39:09pm 25/Nov/2020'),
(14, 'olamide', 'SS 2', 'olamide.zip', '', '', '01:39:56pm 25/Nov/2020'),
(15, 'Zainab Idris', 'SS 2', 'Zainab html.zip', 'Thank you', '', '01:39:57pm 25/Nov/2020'),
(16, 'Sultan', 'SS 2', 'Sultan.zip', '✌', '', '01:39:59pm 25/Nov/2020'),
(17, 'billyamin teslimah', 'SS 2', 'teslimah html.zip', '', '', '01:40:18pm 25/Nov/2020'),
(18, 'Luqman Alejo', 'SS 2', 'Luqman.rar', '😏😏😏😏😉😉🤓🤓🤓😎😎😎😋', '', '01:42:08pm 25/Nov/2020'),
(19, 'KHADIJAH', 'SS 3', 'KHADIJAH.zip', '', '', '01:42:42pm 25/Nov/2020'),
(20, 'idris abdulkadir', 'SS 2', 'idris.rar', 'ggggggggggggggggggggggggggggggggggggggggggggggggggggg', '', '01:43:50pm 25/Nov/2020'),
(21, 'Abdulakeem Olayiwola', 'SS 2', 'Uthman Folarin Ss2 (2).zip', '😂🤣😃😄😅😆😀😉😊😋Feel You\r\n', '', '01:45:41pm 25/Nov/2020'),
(22, 'olamilekan', 'SS 2', 'OLAMILEKAN.zip', '', '', '01:46:18pm 25/Nov/2020'),
(23, 'AKEEM ADEMOLA OLAYIWOLA', 'Jss 1', 'Practicum Group 2 Set B.pptx', '', '', '11:25:10am 29/Nov/2020'),
(24, 'AKEEM ADEMOLA OLAYIWOLA', 'SS 1', 'God says powerpoint.ppt', '', '', '11:26:29am 29/Nov/2020'),
(25, 'Dubic Malt', 'Jss 2', 'How the BANKS Trade FOREX Part 1 - Institutional Trading.mp4', '', '', '11:35:35am 29/Nov/2020'),
(26, 'Hollandia yoghurt (315ml)', 'SS 1', 'images (2).jpeg', '', '', '11:57:22am 29/Nov/2020'),
(27, 'Hollandia yoghurt (315ml)', 'Jss 1', 'images (1).jpeg', '', '', '12:00:06pm 29/Nov/2020'),
(28, 'Hollndia yoghurt (315ml)', 'SS 2', 'images (3).jpeg', '', '', '12:04:38pm 29/Nov/2020'),
(29, 'Hollndia yoghurt (315ml)', 'Jss 3', 'images (4).jpeg', '', '', '12:08:24pm 29/Nov/2020'),
(30, 'Akeem a', 'Jss 2', 'floriane.jpg', '', '::1', '06:03:40pm 29/Nov/2020'),
(31, 'CHI 4', 'Jss 1', 'elizabeth.zip', '', '192.168.43.15', '06:11:33pm 29/Nov/2020'),
(32, 'Mirabel Musa', 'SS 3', 'customify.0.0.9.zip', '', '192.168.43.192', '06:19:59pm 29/Nov/2020');

-- --------------------------------------------------------

--
-- Table structure for table `user`
--

CREATE TABLE `user` (
  `id` int(10) NOT NULL,
  `name` varchar(255) NOT NULL,
  `gender` varchar(255) NOT NULL,
  `code` varchar(255) NOT NULL,
  `class` int(10) NOT NULL,
  `arm` int(10) NOT NULL,
  `session` int(10) NOT NULL,
  `dob` varchar(255) NOT NULL,
  `date` varchar(255) NOT NULL
) ENGINE=InnoDB DEFAULT CHARSET=utf8mb4;

--
-- Dumping data for table `user`
--

INSERT INTO `user` (`id`, `name`, `gender`, `code`, `class`, `arm`, `session`, `dob`, `date`) VALUES
(1, 'Olayiwola Akeem', 'male', 'QSI/608219', 0, 0, 0, '', '15/Jan/2022'),
(2, 'Olayiwola Akeem', 'male', 'QSI/263461', 0, 0, 0, '', '15/Jan/2022'),
(3, 'Olayiwola Akeem Ademola', 'male', 'QSI/626383', 0, 0, 0, '', '15/Jan/2022'),
(4, 'Olayiwola Akeem Ademola', 'male', 'QSI/921877', 0, 0, 0, '', '15/Jan/2022'),
(5, 'Olayiwola Akeem Ademola', 'male', 'QSI/942168', 0, 0, 0, '', '15/Jan/2022'),
(6, 'Olayiwola Akeem Ademola', 'male', 'QSI/791834', 0, 0, 0, '', '15/Jan/2022'),
(7, 'Olayiwola Akeem Ademola', 'male', 'QSI/825797', 0, 0, 0, '', '15/Jan/2022'),
(8, 'Olayiwola Akeem', 'female', 'QSI/515464', 1, 2, 1, '', '15/Jan/2022'),
(9, 'Olayiwola Akeem', 'female', 'QSI/669727', 1, 2, 1, '', '15/Jan/2022'),
(10, 'Olayiwola Akeem', 'female', 'QSI/353256', 1, 2, 1, '', '15/Jan/2022'),
(11, 'Olayiwola A', 'male', 'QSI/721367', 3, 1, 1, '', '15/Jan/2022'),
(12, 'Olayiwola Akm', 'female', 'QSI/96667', 3, 2, 1, '', '15/Jan/2022'),
(13, 'Adewolu o', 'male', 'QSI/599334', 2, 1, 1, '', '15/Jan/2022'),
(14, 'Abdullah abdulkareem', 'male', 'QSI/923433', 2, 1, 1, '19/Mar/2001', '15/Jan/2022'),
(15, 'Aguda Victoria Zaniba', 'female', 'QSI/702728', 2, 1, 1, '2000-06-12', '24/Jan/2022'),
(16, 'Abdulrahmon Okikiola Mulikat', 'female', 'QSI/266660', 4, 4, 3, '2009-02-10', '25/Jan/2022'),
(17, 'Abdulsataar Zainab Mosoba', 'female', 'QSI/11527', 4, 4, 3, '2007-10-10', '25/Jan/2022'),
(18, 'Abiodun Damilola Fatimah', 'female', 'QSI/48542', 4, 4, 3, '2007-06-15', '25/Jan/2022'),
(19, 'Adebanjo Success Seyi', 'female', 'QSI/153135', 4, 4, 3, '2007-09-12', '25/Jan/2022'),
(20, 'Adedeji Clementina Omolade', 'female', 'QSI/356780', 4, 4, 3, '2008-11-29', '25/Jan/2022'),
(21, 'Adekola Mariam Romoke', 'female', 'QSI/56559', 4, 4, 3, '2006-10-22', '25/Jan/2022'),
(22, 'Aderibigbe Omolabake Adesola', 'female', 'QSI/385646', 4, 4, 3, '2008-03-02', '25/Jan/2022'),
(23, 'Afolabi Oreoluwa Ruth', 'female', 'QSI/300743', 4, 4, 3, '2008-07-21', '25/Jan/2022'),
(24, 'Agboola Roheemot Folashade', 'female', 'QSI/93780', 4, 4, 3, '2008-06-16', '25/Jan/2022'),
(25, 'Ajala Oluwatosin Deborah', 'female', 'QSI/27637', 4, 4, 3, '2009-05-09', '25/Jan/2022'),
(26, 'Akinbile Balikis Oluwafunmilayo', 'female', 'QSI/203385', 4, 4, 3, '2006-10-26', '25/Jan/2022'),
(27, 'Amemata Endurance Omolola', 'female', 'QSI/678456', 4, 4, 3, '2008-10-14', '25/Jan/2022'),
(28, 'Amolegbe Awau Tolani', 'female', 'QSI/453723', 4, 4, 3, '2008-01-21', '25/Jan/2022'),
(29, 'Bamisile Rebecca Oluwatosin', 'female', 'QSI/774116', 4, 4, 3, '2008-08-07', '25/Jan/2022'),
(30, 'Bello Monisola Suliyat', 'female', 'QSI/855973', 4, 4, 3, '2007-07-29', '25/Jan/2022'),
(31, 'Faito Precious Oluwanifemi', 'female', 'QSI/830126', 4, 4, 3, '2007-11-16', '25/Jan/2022'),
(32, 'Hammed Zainab Damola', 'female', 'QSI/194504', 4, 4, 3, '2007-05-09', '25/Jan/2022'),
(33, 'Iheanacho Chinazaekpere Goodness', 'female', 'QSI/991870', 4, 4, 3, '2008-02-02', '25/Jan/2022'),
(34, 'Ishola Blessing Grace ', 'female', 'QSI/552344', 4, 4, 3, '2007-12-26', '25/Jan/2022'),
(35, 'Joel Charity Oluwafunmilola', 'female', 'QSI/566969', 4, 4, 3, '2006-09-20', '25/Jan/2022'),
(36, 'John Rhoda Loveth', 'female', 'QSI/681842', 4, 4, 3, '2006-08-06', '25/Jan/2022'),
(37, 'Johnson Esther Ayomide', 'female', 'QSI/339002', 4, 4, 3, '2008-03-14', '25/Jan/2022'),
(38, 'Mathew Joy Azehlumen', 'female', 'QSI/144254', 4, 4, 3, '2006-08-15', '25/Jan/2022'),
(39, 'Oduayo Rachael Foyinsodun', 'female', 'QSI/576545', 4, 4, 3, '2008-02-02', '25/Jan/2022'),
(40, 'Oduniyi Elizabeth Jesunifemi', 'female', 'QSI/131355', 4, 4, 3, '2009-03-19', '25/Jan/2022'),
(41, 'Olabamiji Esther Inioluwa', 'female', 'QSI/265528', 4, 4, 3, '2008-03-19', '25/Jan/2022'),
(42, 'Olalekan Aishat Oyinkansola', 'female', 'QSI/260793', 3, 4, 3, '2008-12-26', '25/Jan/2022'),
(43, 'Olalekan Aishat Oyinkansola', 'female', 'QSI/992656', 4, 4, 3, '2008-12-26', '25/Jan/2022'),
(44, 'Olanrewaju Eniola Barakat', 'female', 'QSI/453879', 4, 4, 3, '2008-08-18', '25/Jan/2022'),
(45, 'Olatoyinbo Temidayo Favour', 'female', 'QSI/596942', 4, 4, 3, '2008-08-05', '25/Jan/2022'),
(46, 'Ologbenla Inioluwa Christiana', 'female', 'QSI/584825', 4, 4, 3, '2008-12-18', '25/Jan/2022'),
(47, 'Oyeneye Khadijah Omolade', 'female', 'QSI/74086', 4, 4, 3, '2007-08-22', '25/Jan/2022'),
(48, 'Saula Kauthar Olamiposi', 'female', 'QSI/161206', 4, 4, 3, '2006-12-08', '25/Jan/2022'),
(49, 'Taiwo Ifeoluwa Esther', 'female', 'QSI/787658', 4, 4, 3, '2007-05-29', '25/Jan/2022'),
(50, 'Taofeeq Aishat Omowumi', 'female', 'QSI/23652', 4, 4, 3, '2007-05-22', '25/Jan/2022'),
(51, 'Alphonso Esther Temiloluwa', 'female', 'QSI/699908', 5, 1, 3, '2008-04-15', '10/Mar/2022'),
(52, 'aaaaaaaaaaa', 'female', 'QSI/911791', 0, 0, 0, '', '12/Mar/2022'),
(53, 'Akeem', 'female', 'QSI/4674', 4, 1, 0, '', '12/Mar/2022'),
(54, 'AbdulAzeez AmotulAzeez Moriyike', 'female', 'QSI/584208', 4, 1, 3, '2008-03-21', '12/Mar/2022'),
(55, 'Akeem', 'female', 'QSI/872497', 2, 2, 1, '', '12/Mar/2022'),
(56, 'Adebisi Raheemat Adenike', 'female', 'QSI/671544', 4, 6, 3, '2007-05-16', '17/Mar/2022'),
(57, 'Adebisi Salmat Oluwabunmi', 'female', 'QSI/281502', 4, 6, 3, '2007-05-17', '17/Mar/2022'),
(58, 'Adebusayo Rachael Gbotemi', 'female', 'QSI/553330', 4, 6, 3, '2007-10-27', '17/Mar/2022'),
(59, 'Ademola Success Abifoluwa', 'female', 'QSI/101970', 4, 6, 3, '2009-01-11', '17/Mar/2022'),
(60, 'Adegbuyi Eniola Aishat', 'female', 'QSI/724247', 4, 6, 3, '2007-10-07', '17/Mar/2022'),
(61, 'Adegoke Bolanle Omolola', 'female', 'QSI/983198', 4, 6, 3, '2006-02-17', '17/Mar/2022'),
(62, 'Adigun Moyosore Muibat', 'female', 'QSI/788290', 4, 6, 3, '2008-09-21', '17/Mar/2022'),
(63, 'Adekunle Amen Ayoade', 'female', 'QSI/689241', 4, 6, 3, '2008-08-25', '17/Mar/2022'),
(64, 'Adekunle Yetunde Esther', 'female', 'QSI/100252', 4, 6, 3, '2003-03-14', '17/Mar/2022'),
(65, 'Adekusibe Hussainat Adejumoke', 'female', 'QSI/662288', 4, 6, 3, '2009-01-24', '17/Mar/2022'),
(66, 'Adewale Motunrayo Faith', 'female', 'QSI/491275', 4, 6, 3, '2006-04-24', '17/Mar/2022'),
(67, 'Adewoye Darasimi Ruth', 'female', 'QSI/112699', 4, 6, 3, '2008-07-11', '17/Mar/2022'),
(68, 'Afonja Aliyah Adeyinka', 'female', 'QSI/941204', 4, 6, 3, '2006-01-28', '17/Mar/2022'),
(69, 'Aguda Victoria Zainab', 'female', 'QSI/533137', 4, 6, 3, '2009-10-05', '17/Mar/2022'),
(70, 'Ajadi Erioreofe Victoria', 'female', 'QSI/874192', 4, 6, 3, '2008-11-04', '17/Mar/2022'),
(71, 'Ajayi Esther Boluwatife ', 'female', 'QSI/11441', 4, 6, 3, '2007-12-03', '17/Mar/2022'),
(72, 'Adekoya Kanyinsola Christianah', 'female', 'QSI/279709', 4, 6, 3, '2007-11-08', '17/Mar/2022'),
(73, 'Akande Islamiat Desire', 'female', 'QSI/283806', 4, 6, 3, '2009-06-28', '17/Mar/2022'),
(74, 'Alabi Azeezat Esther', 'female', 'QSI/147017', 4, 6, 3, '2006-02-07', '17/Mar/2022'),
(75, 'Alamoran Damilola Olamide', 'female', 'QSI/365602', 4, 6, 3, '2006-04-10', '17/Mar/2022'),
(76, 'Amosun Olaoluwapo Deborah', 'female', 'QSI/230448', 4, 6, 3, '2004-11-29', '17/Mar/2022'),
(77, 'Anibire Oluwatunmise Ifeoluwa', 'female', 'QSI/151295', 4, 6, 3, '2008-09-17', '17/Mar/2022'),
(78, 'Animashaun Faridat Adekanyinsola', 'female', 'QSI/111118', 4, 6, 3, '2008-10-25', '17/Mar/2022'),
(79, 'Arowolo Moyosore Testimony', 'female', 'QSI/617855', 4, 6, 3, '2008-02-07', '17/Mar/2022'),
(80, 'Arowosegbe Faridat Oyindamola', 'female', 'QSI/718222', 4, 6, 3, '2006-03-06', '17/Mar/2022'),
(81, 'Ashamu Boluwatife Temilade', 'female', 'QSI/453226', 4, 6, 3, '2006-02-22', '17/Mar/2022'),
(82, 'Asikolaye Selimot Ayomide', 'female', 'QSI/737044', 4, 6, 3, '2006-01-07', '17/Mar/2022'),
(83, 'Ayeni Vivian Omorinsola', 'female', 'QSI/18425', 4, 6, 3, '2008-01-16', '17/Mar/2022'),
(84, 'Azeez Rofiat Ibukun', 'female', 'QSI/130263', 4, 6, 3, '2009-05-10', '17/Mar/2022'),
(85, 'Bassey Mary Abigail', 'female', 'QSI/167240', 4, 6, 3, '2007-05-04', '17/Mar/2022'),
(86, 'Balogun Sururoh Mopelola', 'female', 'QSI/699218', 4, 6, 3, '2008-10-20', '17/Mar/2022'),
(87, 'Fapohunda Esther Ifeoluwa', 'female', 'QSI/89298', 4, 6, 3, '2008-05-16', '17/Mar/2022'),
(88, 'Fapohunda Precious Boluwatife', 'female', 'QSI/424834', 4, 6, 3, '2008-08-21', '17/Mar/2022'),
(89, 'Fatai Bisola Suliyat', 'female', 'QSI/887567', 4, 6, 3, '2008-08-04', '17/Mar/2022'),
(90, 'Folarin Esther Fiyinfoluwa', 'female', 'QSI/65025', 4, 6, 3, '2008-01-06', '17/Mar/2022'),
(91, 'Ifasanya Aishat Owolabi', 'female', 'QSI/334388', 4, 6, 3, '2005-01-10', '17/Mar/2022'),
(92, 'Joseph Mary Chidawa', 'female', 'QSI/811435', 4, 6, 3, '2005-02-10', '17/Mar/2022'),
(93, 'Kazeem Islamiat Oluwapelumi', 'female', 'QSI/697954', 4, 6, 3, '2009-04-21', '17/Mar/2022'),
(94, 'Abdulhakeem Aishat Funmilayo', 'female', 'QSI/260162', 4, 5, 3, '2007-05-23', '17/Mar/2022'),
(95, 'Lasisi Rodiat Olalere', 'female', 'QSI/706008', 4, 6, 3, '2008-01-12', '17/Mar/2022'),
(96, 'Mobolaji Justinah Bamidele', 'female', 'QSI/88827', 4, 6, 3, '2006-10-08', '17/Mar/2022'),
(97, 'Moyofola Kabirat Abidemi', 'female', 'QSI/970566', 4, 6, 3, '2002-05-08', '17/Mar/2022'),
(98, 'Abdulazeez Rodiat Lolade', 'female', 'QSI/296463', 4, 5, 3, '2007-03-12', '17/Mar/2022'),
(99, 'Muhammed Aishat Adebayo', 'female', 'QSI/414439', 4, 6, 3, '2008-06-08', '17/Mar/2022'),
(100, 'Abdulsalam Rokibat Adeola', 'female', 'QSI/589124', 4, 5, 3, '2007-10-23', '17/Mar/2022'),
(101, 'Muftau Anuoluwapo Rokibat', 'female', 'QSI/895083', 4, 6, 3, '2008-04-16', '17/Mar/2022'),
(102, 'Adebisi Suliyat Olawunmi', 'female', 'QSI/94428', 4, 5, 3, '2007-04-20', '17/Mar/2022'),
(103, 'Mustapha Zeenat Opemipo', 'female', 'QSI/695552', 4, 6, 3, '2008-11-14', '17/Mar/2022'),
(104, 'Adeleye Shalom Ayomide', 'female', 'QSI/51519', 4, 5, 3, '2007-06-30', '17/Mar/2022'),
(105, 'Obilade Rokibat Omobolanle', 'female', 'QSI/344624', 4, 6, 3, '2007-06-02', '17/Mar/2022'),
(106, 'Odunayo Mercy Oluwakemisola', 'female', 'QSI/913238', 4, 6, 3, '2008-09-12', '17/Mar/2022'),
(107, 'Aderemi Afolajaiye Mofoworade', 'female', 'QSI/627857', 4, 5, 3, '2007-05-29', '17/Mar/2022'),
(108, 'Ogooluwa Monsurat Toyosi', 'female', 'QSI/434690', 4, 6, 3, '2008-05-30', '17/Mar/2022'),
(109, 'Adesemoye Faith Eniola', 'female', 'QSI/862914', 4, 5, 3, '2007-09-18', '17/Mar/2022'),
(110, 'Ogunleye Eniola Grace', 'female', 'QSI/714029', 4, 6, 3, '2007-08-18', '17/Mar/2022'),
(111, 'Okewoye Darasimi Oluwanifemi', 'female', 'QSI/451126', 4, 6, 3, '2007-12-25', '17/Mar/2022'),
(112, 'Okunola Feyishara Kadijat', 'female', 'QSI/950286', 4, 6, 3, '2006-07-09', '17/Mar/2022'),
(113, 'Agbita Iroghene Praise', 'female', 'QSI/490250', 4, 5, 3, '', '17/Mar/2022'),
(114, 'Oladejo Rukoyat Eniola', 'female', 'QSI/812700', 4, 6, 3, '2005-11-24', '17/Mar/2022'),
(115, 'Agboola Fathia Ibironke', 'female', 'QSI/119588', 4, 5, 3, '2005-03-03', '17/Mar/2022'),
(116, 'Oladipo Mariam Olayemi', 'female', 'QSI/269237', 4, 6, 3, '2008-08-16', '17/Mar/2022'),
(117, 'Olalekan Taiwo Grace', 'female', 'QSI/295760', 4, 6, 3, '2007-07-04', '17/Mar/2022'),
(118, 'Olajide Nifemi Funmi', 'female', 'QSI/345403', 4, 6, 3, '2006-01-06', '17/Mar/2022'),
(119, 'Olaniyan Itunu Victoria', 'female', 'QSI/962132', 4, 6, 3, '2008-12-26', '17/Mar/2022'),
(120, 'Olanusi Pelumi Esther', 'female', 'QSI/431606', 4, 6, 3, '2008-08-04', '17/Mar/2022'),
(121, 'Olapade Blessing Elizabeth', 'female', 'QSI/384796', 4, 6, 3, '2005-05-21', '17/Mar/2022'),
(122, 'Olasupo Pelumi Favour', 'female', 'QSI/857162', 4, 6, 3, '2006-07-17', '17/Mar/2022'),
(123, 'Olude Felicia Oluwarantimi', 'female', 'QSI/897173', 4, 6, 3, '2005-07-17', '17/Mar/2022'),
(124, 'Oluwafemi Toluwanimi', 'female', 'QSI/999781', 4, 6, 3, '2007-06-19', '17/Mar/2022'),
(125, 'Ahmad Rodiyah Ajoke', 'female', 'QSI/595677', 4, 5, 3, '2007-01-01', '17/Mar/2022'),
(126, 'Omoniyi Boluwatife Victoria ', 'female', 'QSI/430945', 4, 6, 3, '2008-04-06', '17/Mar/2022'),
(127, 'Omojola Eniola Mojisola ', 'female', 'QSI/294308', 4, 6, 3, '2008-02-03', '17/Mar/2022'),
(128, 'Otunonye Genevieve Ngosi', 'female', 'QSI/776763', 4, 6, 3, '2007-04-28', '17/Mar/2022'),
(129, 'Oyetayo Eniola Esther', 'female', 'QSI/138923', 4, 6, 3, '2006-02-26', '17/Mar/2022'),
(130, 'Oyeniyi Mariam Moyosore', 'female', 'QSI/252584', 4, 6, 3, '2008-08-01', '17/Mar/2022'),
(131, 'Oyewunmi Zainab Omolara', 'female', 'QSI/778374', 4, 6, 3, '2008-06-29', '17/Mar/2022'),
(132, 'Raheem Khadijat Taiwo', 'female', 'QSI/170348', 4, 6, 3, '2007-01-13', '17/Mar/2022'),
(133, 'Rahmon Rukoyat Ayomide', 'female', 'QSI/721130', 4, 6, 3, '2007-12-24', '17/Mar/2022'),
(134, 'Salami Alimot Ayomide', 'female', 'QSI/522449', 4, 6, 3, '2004-02-26', '17/Mar/2022'),
(135, 'Salami Iyanuoluwa Precious', 'female', 'QSI/242173', 4, 6, 3, '2006-11-14', '17/Mar/2022'),
(136, 'Salami Pamilerin Ajoke', 'female', 'QSI/843573', 4, 6, 3, '2007-07-31', '17/Mar/2022'),
(137, 'Salahudeen Fatimah Olaitan', 'female', 'QSI/119708', 4, 6, 3, '2007-06-03', '17/Mar/2022'),
(138, 'Samuel Deborah Victory', 'female', 'QSI/114378', 4, 6, 3, '2006-05-20', '17/Mar/2022'),
(139, 'Solomon Boluwatife Oluwafeyikemi', 'female', 'QSI/431795', 4, 6, 3, '2008-05-09', '17/Mar/2022'),
(140, 'Soretire Helen Ajoke', 'female', 'QSI/798127', 4, 6, 3, '2008-04-27', '17/Mar/2022'),
(141, 'Sosanya Sharon Oluwatobi', 'female', 'QSI/878867', 4, 6, 3, '2008-12-09', '17/Mar/2022'),
(142, 'Taofik Ruth Odunayo', 'female', 'QSI/669298', 4, 6, 3, '2005-12-18', '17/Mar/2022'),
(143, 'Ubandawaki Aishat Odunayo ', 'female', 'QSI/631042', 4, 6, 3, '2006-12-24', '17/Mar/2022'),
(144, 'Ubah Loveth Munachi', 'female', 'QSI/62790', 4, 6, 3, '2007-05-17', '17/Mar/2022'),
(145, 'Uthman Azeezat Taiwo ', 'female', 'QSI/325297', 4, 6, 3, '2005-09-12', '17/Mar/2022'),
(146, 'Yakub Mariam Asabi', 'female', 'QSI/433572', 4, 6, 3, '2005-06-10', '17/Mar/2022'),
(147, 'Akande Oreofe Flourence', 'female', 'QSI/575220', 4, 5, 3, '2008-12-03', '20/Mar/2022'),
(148, 'Akinrefon Blessing Damiola', 'female', 'QSI/823169', 4, 5, 3, '2008-12-04', '20/Mar/2022'),
(149, 'Akintayo Hassanat Taiwo', 'female', 'QSI/639175', 4, 5, 3, '2008-04-17', '20/Mar/2022'),
(150, 'Amusan Oluwatimileyin Joy', 'female', 'QSI/99897', 4, 5, 3, '2008-05-16', '20/Mar/2022'),
(151, 'Ayinde Mutmainat Adepeju', 'female', 'QSI/535463', 4, 5, 3, '2008-07-23', '20/Mar/2022'),
(152, 'Ayinla Felicia Motunrayo', 'female', 'QSI/331736', 4, 5, 3, '2008-10-02', '20/Mar/2022'),
(153, 'Bankole Opeyemi Halleluyah', 'female', 'QSI/514404', 4, 5, 3, '2008-11-16', '20/Mar/2022'),
(154, 'Banjo Ibukun Elizabeth', 'female', 'QSI/620082', 4, 5, 3, '2008-06-29', '20/Mar/2022'),
(155, 'Emah Angel Oiza', 'female', 'QSI/187656', 4, 5, 3, '2009-07-16', '20/Mar/2022'),
(156, 'Eromosele Joy Mercy', 'female', 'QSI/266031', 4, 5, 3, '2008-07-10', '20/Mar/2022'),
(157, 'Ezeh Sethianah Oluwamo', 'female', 'QSI/711342', 4, 5, 3, '2008-07-24', '20/Mar/2022'),
(158, 'Fabowale Christianah Inioluwa', 'female', 'QSI/108986', 4, 5, 3, '2007-12-10', '20/Mar/2022'),
(159, 'Fabiyi Mary Oluwaseyifunmi', 'female', 'QSI/396712', 4, 5, 3, '2007-04-13', '20/Mar/2022'),
(160, 'Folorunsho Great Grace Motayo', 'female', 'QSI/916923', 4, 5, 3, '2009-11-01', '20/Mar/2022'),
(161, 'Gbadamosi Rukoyah Feranmi', 'female', 'QSI/903090', 4, 5, 3, '2006-06-06', '20/Mar/2022'),
(162, 'Hassan Basirat Taiwo', 'female', 'QSI/647354', 4, 5, 3, '2005-01-18', '20/Mar/2022'),
(163, 'Igwe Callista Chimuchemu', 'female', 'QSI/773423', 4, 5, 3, '2008-02-04', '20/Mar/2022'),
(164, 'Iheagwu Chinayenwa Rita', 'female', 'QSI/754190', 4, 5, 3, '', '20/Mar/2022'),
(165, 'Ilori Deborah Imole', 'female', 'QSI/337559', 4, 5, 3, '2007-05-17', '20/Mar/2022'),
(166, 'Isawe Christiana Odunayo', 'female', 'QSI/176304', 4, 5, 3, '2007-01-27', '20/Mar/2022'),
(167, 'Ismail Monsurah Opeyemi', 'female', 'QSI/920259', 4, 5, 3, '2007-08-04', '20/Mar/2022'),
(168, 'Jegede Joy Eniola', 'female', 'QSI/726874', 4, 5, 3, '2008-04-17', '20/Mar/2022'),
(169, 'Joseph Deborah Victoria', 'female', 'QSI/791010', 4, 5, 3, '2008-04-08', '20/Mar/2022'),
(170, 'Lukman Haliyat Adeola', 'female', 'QSI/881907', 4, 5, 3, '2008-08-31', '20/Mar/2022'),
(171, 'Makanjuola Esther Happiness', 'female', 'QSI/768274', 4, 5, 3, '2008-03-30', '20/Mar/2022'),
(172, 'Moshood Aliyat Oyindamola', 'female', 'QSI/915949', 4, 5, 3, '2009-07-29', '20/Mar/2022'),
(173, 'Muritala Oreoluwa Adeola', 'female', 'QSI/709528', 4, 5, 3, '2006-10-06', '20/Mar/2022'),
(174, 'Mustapha Nofisat Omowumi', 'female', 'QSI/815986', 4, 5, 3, '2007-07-02', '20/Mar/2022'),
(175, 'Nasiru Ramatu', 'female', 'QSI/396907', 4, 5, 3, '2006-11-22', '20/Mar/2022'),
(176, 'Obasa Precious Oluwalo', 'female', 'QSI/940544', 4, 5, 3, '2006-11-22', '20/Mar/2022'),
(177, 'Obaje Suzan Peace', 'female', 'QSI/640113', 4, 5, 3, '2006-05-06', '20/Mar/2022'),
(178, 'Odeyemi Favour Olawumi', 'female', 'QSI/38998', 4, 5, 3, '2007-06-26', '20/Mar/2022'),
(179, 'Odo Marvellous Temiloluwa', 'female', 'QSI/654407', 4, 5, 3, '2008-03-24', '20/Mar/2022'),
(180, 'Odunlami Dorcas Pelumi', 'female', 'QSI/962068', 4, 5, 3, '2007-07-31', '20/Mar/2022'),
(181, 'Ogunleye Victoria Adeola', 'female', 'QSI/516431', 4, 5, 3, '2009-04-22', '20/Mar/2022'),
(182, 'Ogunsola Precious Nifemi', 'female', 'QSI/423349', 4, 5, 3, '2008-05-07', '20/Mar/2022'),
(183, 'Ojuolape Rofiat Moyosore', 'female', 'QSI/954307', 4, 5, 3, '2009-02-22', '20/Mar/2022'),
(184, 'Olagoke Aliyah Ayomide', 'female', 'QSI/889456', 4, 5, 3, '2008-04-13', '20/Mar/2022'),
(185, 'Olakunle Aishat Oyindamola', 'female', 'QSI/63181', 4, 5, 3, '2008-10-01', '20/Mar/2022'),
(186, 'Olalekan Kehinde Glory', 'female', 'QSI/754875', 4, 5, 3, '2007-07-04', '20/Mar/2022'),
(187, 'Olalekan Islamiat Aanuoluwapo', 'female', 'QSI/319910', 4, 5, 3, '2008-01-10', '20/Mar/2022'),
(188, 'Olaniran Hikmat Olajumoke', 'female', 'QSI/486447', 4, 5, 3, '2007-12-05', '20/Mar/2022'),
(189, 'Olaniyi Eniola Rebecca', 'female', 'QSI/152513', 4, 5, 3, '', '20/Mar/2022'),
(190, 'Olaniyi Rejoice Pamilerin', 'female', 'QSI/624590', 4, 5, 3, '2008-10-07', '20/Mar/2022'),
(191, 'Olarinde Ibukun Victoria', 'female', 'QSI/701651', 4, 5, 3, '2008-02-03', '20/Mar/2022'),
(192, 'Olasupo Rodiat Olamide', 'female', 'QSI/749898', 4, 5, 3, '2007-06-13', '20/Mar/2022'),
(193, 'Olayiwola Rashidat Feranmi', 'female', 'QSI/930752', 4, 5, 3, '2007-05-21', '20/Mar/2022'),
(194, 'Oleka Precious Mmesoma', 'female', 'QSI/888061', 4, 5, 3, '2008-10-12', '20/Mar/2022'),
(195, 'Oloyede Blessing Elizabeth', 'female', 'QSI/302672', 4, 5, 3, '2007-05-05', '20/Mar/2022'),
(196, 'Oluwaseun Esther Odunayo', 'female', 'QSI/64677', 4, 5, 3, '2008-12-02', '20/Mar/2022'),
(197, 'Oni Elizabeth Iyanuoluwa', 'female', 'QSI/186651', 4, 5, 3, '2009-06-03', '20/Mar/2022'),
(198, 'Onifade Adesola Fatimah', 'female', 'QSI/212271', 4, 5, 3, '2009-03-31', '20/Mar/2022'),
(199, 'Oniyire Ifeoluwa Esther', 'female', 'QSI/260008', 4, 5, 3, '2005-10-17', '20/Mar/2022'),
(200, 'Oseni Barakat Oyindamola', 'female', 'QSI/834141', 4, 5, 3, '2007-03-11', '20/Mar/2022'),
(201, 'Oseni Shalom Dolapo', 'female', 'QSI/458683', 4, 5, 3, '2008-06-07', '20/Mar/2022'),
(202, 'Oyedemi Moyinoluwa Maria', 'female', 'QSI/307798', 4, 5, 3, '2008-03-21', '20/Mar/2022'),
(203, 'Rasaq Rukayat Olamide', 'female', 'QSI/869286', 4, 5, 3, '2008-04-08', '20/Mar/2022'),
(204, 'Salahudeen Munimah Aderinsola', 'female', 'QSI/42947', 4, 5, 3, '2008-05-24', '20/Mar/2022'),
(205, 'Seteolu Aishat Ajoke', 'female', 'QSI/57375', 4, 5, 3, '2008-04-13', '20/Mar/2022'),
(206, 'Shakirullahi Rodiat Adeola', 'female', 'QSI/376716', 4, 5, 3, '2007-11-11', '20/Mar/2022'),
(207, 'Shuaib Ikimot Oyinkansola', 'female', 'QSI/572034', 4, 5, 3, '2007-07-07', '20/Mar/2022'),
(208, 'Sunday Ayomide Oreoluwa', 'female', 'QSI/35814', 4, 5, 3, '2008-12-16', '20/Mar/2022'),
(209, 'Yohanna Rejoice Lauraba ', 'female', 'QSI/760739', 4, 5, 3, '2007-08-07', '20/Mar/2022'),
(210, 'Wahab Oluwatunmise Taofikat', 'female', 'QSI/513147', 4, 5, 3, '2007-09-05', '20/Mar/2022'),
(211, 'Yakeen Aishat Abolore', 'female', 'QSI/356757', 4, 5, 3, '2009-11-19', '20/Mar/2022'),
(212, 'Bankole Opeyemi Shalom', 'female', 'QSI/994756', 4, 5, 3, '2008-03-07', '20/Mar/2022'),
(213, 'Adesokan Temitope Barakat', 'female', 'QSI/414657', 4, 5, 3, '2008-05-07', '20/Mar/2022'),
(214, 'Popoola Marvellous ', 'female', 'QSI/219906', 4, 5, 3, '', '20/Mar/2022'),
(215, 'Jacob Marvellous Princess', 'female', 'QSI/953110', 4, 5, 3, '2006-12-20', '20/Mar/2022'),
(216, 'Abass Motunrayo Anuoluwapo', 'female', 'QSI/314216', 5, 2, 3, '2005-09-30', '21/Mar/2022'),
(217, 'Abdulhamid Fathia', 'female', 'QSI/443247', 5, 2, 3, '2008-02-28', '21/Mar/2022'),
(218, 'Abdullateef Asmau Folashade', 'female', 'QSI/660621', 5, 2, 3, '2005-11-14', '21/Mar/2022'),
(219, 'AbdulWahab Aisha', 'female', 'QSI/944795', 5, 2, 3, '2008-08-05', '21/Mar/2022'),
(220, 'Abimbola Omotolani', 'female', 'QSI/887782', 5, 2, 3, '2007-09-10', '21/Mar/2022'),
(221, 'Abonyi Precious Benedicta', 'female', 'QSI/148844', 5, 2, 3, '2006-06-29', '21/Mar/2022'),
(222, 'Adebayo Mary', 'female', 'QSI/388197', 5, 2, 3, '2004-12-15', '21/Mar/2022'),
(223, 'Adebiyi Darasimi Ewaoluwa', 'female', 'QSI/755', 5, 2, 3, '2008-08-30', '21/Mar/2022'),
(224, 'Adedeji Opemipo Moyinoluwa', 'female', 'QSI/367632', 5, 2, 3, '2006-08-24', '21/Mar/2022'),
(225, 'Adekoya Temiloluwa Rosemary', 'female', 'QSI/545378', 5, 2, 3, '2007-12-05', '21/Mar/2022'),
(226, 'Adelabu Mary', 'female', 'QSI/376053', 5, 2, 3, '0207-12-24', '21/Mar/2022'),
(227, 'Adeleke Adetayo Victoria', 'female', 'QSI/68085', 5, 2, 3, '2006-11-06', '21/Mar/2022'),
(228, 'Adeniyi Winner', 'female', 'QSI/901123', 5, 2, 3, '2007-10-24', '21/Mar/2022'),
(229, 'Adepoju Favour', 'female', 'QSI/832468', 5, 2, 3, '2006-09-04', '21/Mar/2022'),
(230, 'Afolabi Abigeal Oluwatobilola', 'female', 'QSI/921207', 5, 2, 3, '2007-09-13', '21/Mar/2022'),
(231, 'Alayande Omowunmi', 'female', 'QSI/533230', 5, 2, 3, '2007-01-08', '21/Mar/2022'),
(232, 'Aminu Aliyah Omotolani', 'female', 'QSI/714779', 5, 2, 3, '2006-09-22', '21/Mar/2022'),
(233, 'Amuda Kafilat Oluwafunmilayo', 'female', 'QSI/526945', 5, 2, 3, '2006-09-11', '21/Mar/2022'),
(234, 'Animasaun Sofiat', 'female', 'QSI/281416', 5, 2, 3, '2006-10-05', '21/Mar/2022'),
(235, 'Arowobusoye  Funmilayo', 'female', 'QSI/177711', 5, 2, 3, '2007-03-22', '21/Mar/2022'),
(236, 'Babaunde Jenifer Idunuoluwa', 'female', 'QSI/145276', 5, 2, 3, '2006-04-12', '21/Mar/2022'),
(237, 'Daniel Ada Deborah', 'female', 'QSI/781732', 5, 2, 3, '2006-05-06', '21/Mar/2022'),
(238, 'Dopamu Rokibat', 'female', 'QSI/84200', 5, 2, 3, '2007-01-10', '21/Mar/2022'),
(239, 'Fagbamila Mojurereoluwa', 'female', 'QSI/183773', 5, 2, 3, '2006-12-15', '21/Mar/2022'),
(240, 'George Agnes', 'female', 'QSI/754626', 5, 2, 3, '2006-05-24', '21/Mar/2022'),
(241, 'Hamzat Fathia Omoyetunde', 'female', 'QSI/320719', 5, 2, 3, '2007-03-23', '21/Mar/2022'),
(242, 'Ibrahim Olaide', 'female', 'QSI/942962', 5, 2, 3, '2007-02-18', '21/Mar/2022'),
(243, 'Idris Mozeedat Oluwanifemi', 'female', 'QSI/147069', 5, 2, 3, '2006-03-21', '21/Mar/2022'),
(244, 'Jayeola Damilola', 'female', 'QSI/186714', 5, 2, 3, '2005-10-18', '21/Mar/2022'),
(245, 'Johnson Semilore', 'female', 'QSI/726080', 5, 2, 3, '2007-09-23', '21/Mar/2022'),
(246, 'Jolaoso Aliyat Omowunmi', 'female', 'QSI/435019', 5, 2, 3, '2007-06-11', '21/Mar/2022'),
(247, 'Joseph Success', 'female', 'QSI/975969', 5, 2, 3, '2008-06-27', '21/Mar/2022'),
(248, 'Lawal Wuraola Zainab', 'female', 'QSI/681008', 5, 2, 3, '2007-01-28', '21/Mar/2022'),
(249, 'Mozie Mercy', 'female', 'QSI/438958', 5, 2, 3, '2007-07-10', '21/Mar/2022'),
(250, 'Muhammed Shifau', 'female', 'QSI/336398', 5, 2, 3, '2006-06-06', '21/Mar/2022'),
(251, 'Nathaniel Wuraola', 'female', 'QSI/894658', 5, 2, 3, '2009-03-01', '21/Mar/2022'),
(252, 'Nuokeji Praise ', 'female', 'QSI/229561', 5, 2, 3, '2006-07-15', '21/Mar/2022'),
(253, 'Obabiyi Neimah', 'female', 'QSI/175127', 5, 2, 3, '2006-12-19', '21/Mar/2022'),
(254, 'Obi Cynthia Chioma', 'female', 'QSI/991547', 5, 2, 3, '2006-06-06', '21/Mar/2022'),
(255, 'Odebiyi Naheemat Olamide', 'female', 'QSI/147274', 5, 2, 3, '2007-10-15', '21/Mar/2022'),
(256, 'Odubiyi Modinat', 'female', 'QSI/318621', 5, 2, 3, '2007-11-23', '21/Mar/2022'),
(257, 'Ogundare Bolatito Grace', 'female', 'QSI/824199', 5, 2, 3, '2007-04-28', '21/Mar/2022'),
(258, 'Ogunwemimo Anjola Precious', 'female', 'QSI/264216', 5, 2, 3, '2007-05-21', '21/Mar/2022'),
(259, 'Ojo Abisola Oluwabunmi', 'female', 'QSI/330154', 5, 2, 3, '2007-09-11', '21/Mar/2022'),
(260, 'Okoromadu Adama Oluchi', 'female', 'QSI/385867', 5, 2, 3, '2006-06-16', '21/Mar/2022'),
(261, 'Okunola Mary Oluwatosin', 'female', 'QSI/96037', 5, 2, 3, '2006-12-20', '21/Mar/2022'),
(262, 'Olajide Joy', 'female', 'QSI/167796', 5, 2, 3, '', '21/Mar/2022'),
(263, 'Olasupo Olamide Omowonuola', 'female', 'QSI/293127', 5, 2, 3, '2008-05-06', '21/Mar/2022'),
(264, 'Omitomo Feranmi Mary', 'female', 'QSI/576040', 5, 2, 3, '2007-10-11', '21/Mar/2022'),
(265, 'Omobola Winner', 'female', 'QSI/569171', 5, 2, 3, '2007-07-28', '21/Mar/2022'),
(266, 'Onaolapo Ayoola Racheal', 'female', 'QSI/173526', 5, 2, 3, '2008-01-08', '21/Mar/2022'),
(267, 'Onafuye Deborah', 'female', 'QSI/931481', 5, 2, 3, '2005-01-04', '21/Mar/2022'),
(268, 'Raji YusrahOlabisi', 'female', 'QSI/258201', 5, 2, 3, '2007-05-09', '21/Mar/2022'),
(269, 'Salami Darasimi Ayokunmi', 'female', 'QSI/626552', 5, 2, 3, '2008-04-28', '21/Mar/2022'),
(270, 'Salisu Asmau Husna', 'female', 'QSI/593661', 5, 2, 3, '2008-04-14', '21/Mar/2022'),
(271, 'Taiwo Mary Jomiloju', 'female', 'QSI/293634', 5, 2, 3, '2007-07-02', '21/Mar/2022'),
(272, 'Vincent Elizabeth Precious ', 'female', 'QSI/901211', 5, 2, 3, '2007-07-03', '21/Mar/2022'),
(273, 'Yunus Rodiat Odunayo', 'female', 'QSI/812615', 5, 2, 3, '2006-12-03', '21/Mar/2022'),
(274, 'Yusuff Haliya Oluwanifemi', 'female', 'QSI/814670', 5, 2, 3, '2008-10-02', '21/Mar/2022'),
(275, 'Yekini Funmilayo', 'female', 'QSI/606774', 5, 2, 3, '2005-12-28', '21/Mar/2022'),
(276, 'Abideen Toyibah Adewonuola', 'female', 'QSI/583888', 4, 1, 3, '2007-07-02', '21/Mar/2022'),
(277, 'Abiodun Mistura Ajoke', 'female', 'QSI/53544', 4, 1, 3, '2007-09-17', '21/Mar/2022'),
(278, 'Abolaji Zainab Olabisi', 'female', 'QSI/217372', 4, 1, 3, '2007-10-10', '21/Mar/2022'),
(279, 'Adedapo Semilore Esther ', 'female', 'QSI/685725', 4, 1, 3, '2006-04-08', '21/Mar/2022'),
(280, 'Adebayo Aliyah Abiodun', 'female', 'QSI/566948', 4, 1, 3, '2007-10-01', '21/Mar/2022'),
(281, 'Adedeji Ameerah Kofoworola', 'female', 'QSI/987079', 4, 1, 3, '2009-04-26', '21/Mar/2022'),
(282, 'Adediran Aishat Olaronke', 'female', 'QSI/668962', 4, 1, 3, '2009-01-07', '21/Mar/2022'),
(283, 'Adegbola Khadijah Amirah', 'female', 'QSI/229957', 4, 1, 3, '2008-07-17', '21/Mar/2022'),
(284, 'Adekunle Kabirat Omotoyosi ', 'female', 'QSI/886315', 4, 1, 3, '2006-12-08', '21/Mar/2022'),
(285, 'Adeneye Hassanat Adeshola', 'female', 'QSI/987950', 4, 1, 3, '2008-05-22', '21/Mar/2022'),
(286, 'Adeoye Aduragbemi Rebbeca', 'female', 'QSI/308252', 4, 1, 3, '2007-09-10', '21/Mar/2022'),
(287, 'Afolabi Marvellous Olayinka', 'female', 'QSI/529709', 4, 1, 3, '', '21/Mar/2022'),
(288, 'Ajayi Esther Mercy', 'female', 'QSI/665656', 4, 1, 3, '', '21/Mar/2022'),
(289, 'Akinbolude Veronica Funmilayo', 'female', 'QSI/215415', 4, 1, 3, '2007-09-19', '21/Mar/2022'),
(290, 'Alao Ayatulahi Olajumoke', 'female', 'QSI/442027', 4, 1, 3, '2009-04-29', '21/Mar/2022'),
(291, 'Ali Zulaikha Feyisayo', 'female', 'QSI/206268', 4, 1, 3, '2008-11-27', '21/Mar/2022'),
(292, 'Atoyebi Blessing Adelokiki', 'female', 'QSI/722613', 4, 1, 3, '2007-12-27', '21/Mar/2022'),
(293, 'Audu Boluwatife Grace', 'female', 'QSI/752935', 4, 1, 3, '2007-03-22', '21/Mar/2022'),
(294, 'Ayinla Pamilerin Damilola', 'female', 'QSI/959828', 4, 1, 3, '2008-09-02', '21/Mar/2022'),
(295, 'Ayodeji Pelumi Peace', 'female', 'QSI/213977', 4, 1, 3, '2007-08-19', '21/Mar/2022'),
(296, 'Awotuyi Beatrice Abimbola', 'female', 'QSI/882133', 4, 1, 3, '2010-08-27', '21/Mar/2022'),
(297, 'Babatunde Hikimat Funmilayo', 'female', 'QSI/754255', 4, 1, 3, '2008-10-11', '21/Mar/2022'),
(298, 'Badamosi Barakat Bolatito', 'female', 'QSI/634871', 4, 1, 3, '2008-11-08', '21/Mar/2022'),
(299, 'Badmus Oyindamola Aishat', 'female', 'QSI/602366', 4, 1, 3, '2008-09-27', '21/Mar/2022'),
(300, 'Bakare Faizat Omowunmi', 'female', 'QSI/182073', 4, 1, 3, '2007-05-18', '21/Mar/2022'),
(301, 'Busari Dunsin Tomiwa', 'female', 'QSI/430089', 4, 1, 3, '2005-11-28', '21/Mar/2022'),
(302, 'Dacosta Deborah Iyanuoluwa', 'female', 'QSI/8629', 4, 1, 3, '2008-04-06', '21/Mar/2022'),
(303, 'Durowoju Christianah Eniola', 'female', 'QSI/79518', 4, 1, 3, '2008-07-06', '21/Mar/2022'),
(304, 'Duyilemi Oluwanifemi Oluwasemilore', 'female', 'QSI/212824', 4, 1, 3, '2009-10-16', '21/Mar/2022'),
(305, 'Fadugba Olaomoju Hamidah', 'female', 'QSI/252449', 4, 1, 3, '2008-03-28', '21/Mar/2022'),
(306, 'Folaranmi Saidat Opeyemi', 'female', 'QSI/196645', 4, 1, 3, '2007-07-07', '21/Mar/2022'),
(307, 'Ilesanmi Eniola Ibukunoluwa', 'female', 'QSI/318948', 4, 1, 3, '2007-08-23', '21/Mar/2022'),
(308, 'Jimoh Zainab Omotolani', 'female', 'QSI/295334', 4, 1, 3, '2007-12-30', '21/Mar/2022'),
(309, 'Kilani Aishat Damilola', 'female', 'QSI/231550', 4, 1, 3, '2006-12-15', '21/Mar/2022'),
(310, 'Lukman Kareemat Ayomide', 'female', 'QSI/59407', 4, 1, 3, '2007-03-11', '21/Mar/2022'),
(311, 'Maruf  Maryam Atoke', 'female', 'QSI/357705', 4, 1, 3, '2008-05-30', '21/Mar/2022'),
(312, 'Mikhail Ajarah Romoke ', 'female', 'QSI/159338', 4, 1, 3, '2008-08-01', '21/Mar/2022'),
(313, 'Odebiyi Zeenat Ibidun', 'female', 'QSI/594537', 4, 1, 3, '2008-05-11', '21/Mar/2022'),
(314, 'Oduola Alimat Olanike', 'female', 'QSI/735717', 4, 1, 3, '2008-05-06', '21/Mar/2022'),
(315, 'Odularu Hannah Motunrayo', 'female', 'QSI/367693', 4, 1, 3, '2007-04-28', '21/Mar/2022'),
(316, 'Ogundepo Elizabeth Funmilayo ', 'female', 'QSI/383663', 4, 1, 3, '2007-12-09', '21/Mar/2022'),
(317, 'Ogunlade Mary Ibukunoluwa', 'female', 'QSI/592584', 4, 1, 3, '2008-11-20', '21/Mar/2022'),
(318, 'Ojeniran Ifeoluwa Dorcas', 'female', 'QSI/58254', 4, 1, 3, '2009-05-08', '21/Mar/2022'),
(319, 'Ojo Ruth Anjola', 'female', 'QSI/162993', 4, 1, 3, '2007-01-22', '21/Mar/2022'),
(320, 'Oke-Lawal Morountojufoluwa', 'female', 'QSI/760506', 4, 1, 3, '2008-09-18', '21/Mar/2022'),
(321, 'Okereke Amarachi Comfort', 'female', 'QSI/920821', 4, 1, 3, '2008-05-16', '21/Mar/2022'),
(322, 'Okunade Oluwakemi Ifeoluwa', 'female', 'QSI/257843', 4, 1, 3, '2008-08-09', '21/Mar/2022'),
(323, 'Oladimeji Temitayo Esther', 'female', 'QSI/477928', 4, 1, 3, '', '21/Mar/2022'),
(324, 'Oladipo Esther Favour', 'female', 'QSI/35661', 4, 1, 3, '2008-09-14', '21/Mar/2022'),
(325, 'Oladiti Sumayah Bolanle', 'female', 'QSI/308177', 4, 1, 3, '2006-03-23', '21/Mar/2022'),
(326, 'Oladoyin Morufat Opeyemi', 'female', 'QSI/809956', 4, 1, 3, '2005-05-04', '21/Mar/2022'),
(327, 'Oladunmoye Abosede Dorcas', 'female', 'QSI/246188', 4, 1, 3, '2008-06-01', '21/Mar/2022'),
(328, 'Olaniyi Basirat Titilayo ', 'female', 'QSI/845451', 4, 1, 3, '2007-11-12', '21/Mar/2022'),
(329, 'Olojede Aminat Adedoyin', 'female', 'QSI/453826', 4, 1, 3, '2008-11-24', '21/Mar/2022'),
(330, 'Oloyede Ifeoluwa Morufat', 'female', 'QSI/325574', 4, 1, 3, '2008-06-03', '21/Mar/2022'),
(331, 'Oluwatosin Ebunlomo Racheal', 'female', 'QSI/972650', 4, 1, 3, '2008-02-13', '21/Mar/2022'),
(332, 'Oluwole Precious Funke', 'female', 'QSI/660752', 4, 1, 3, '2008-03-31', '21/Mar/2022'),
(333, 'Oyebanji Ifeoluwa', 'female', 'QSI/286138', 4, 1, 3, '2005-04-24', '21/Mar/2022'),
(334, 'Oluyomi Praise Abisola', 'female', 'QSI/486665', 4, 1, 3, '2006-02-19', '21/Mar/2022'),
(335, 'omoniyi Oluwaferanmi Elizabeth', 'female', 'QSI/562638', 4, 1, 3, '2008-02-22', '21/Mar/2022'),
(336, 'Onaji Divine Ene', 'female', 'QSI/537148', 4, 1, 3, '2007-04-19', '21/Mar/2022'),
(337, 'Otele Happiness', 'female', 'QSI/442562', 4, 1, 3, '2008-07-27', '21/Mar/2022'),
(338, 'Otukoya Precious Adeola', 'female', 'QSI/650323', 4, 1, 3, '2008-05-26', '21/Mar/2022'),
(339, 'Oyebola Azeezat Jumoke', 'female', 'QSI/307336', 4, 1, 3, '2007-04-29', '21/Mar/2022'),
(340, 'Quadri Anat Ayomoposi', 'female', 'QSI/499802', 4, 1, 3, '2008-02-03', '21/Mar/2022'),
(341, 'Raji Hikmah  Oyinkansola', 'female', 'QSI/552330', 4, 1, 3, '2008-02-03', '21/Mar/2022'),
(342, 'Sanni Rahmatallah Omotoyosi', 'female', 'QSI/712920', 4, 1, 3, '2007-10-25', '21/Mar/2022'),
(343, 'Sanusi Oluwadamillola Faidat', 'female', 'QSI/198902', 4, 1, 3, '', '21/Mar/2022'),
(344, 'Shittu Khadijah Oluwasemilore', 'female', 'QSI/94956', 4, 1, 3, '2009-10-28', '21/Mar/2022'),
(345, 'Thomas Ayomide Aduragbemi', 'female', 'QSI/234254', 4, 1, 3, '2008-03-06', '21/Mar/2022'),
(346, 'Thomas Favour Aduragbemi', 'female', 'QSI/361373', 4, 1, 3, '2008-10-22', '21/Mar/2022'),
(347, 'Uthman Hikmat Damilola', 'female', 'QSI/47124', 4, 1, 3, '2009-05-17', '21/Mar/2022'),
(348, 'Yisa Ameerah Anjola', 'female', 'QSI/536792', 4, 1, 3, '2009-07-03', '21/Mar/2022'),
(349, 'Yusuf Fathia Morenikeji', 'female', 'QSI/907294', 4, 1, 3, '2008-07-28', '21/Mar/2022'),
(350, 'Abatan Racheal Temiloluwa', 'female', 'QSI/692403', 4, 2, 3, '2007-04-15', '21/Mar/2022'),
(351, 'Abdulrahman Sumaya Ajoke', 'female', 'QSI/545523', 4, 2, 3, '2004-08-16', '21/Mar/2022'),
(352, 'Abodunrin Esther Oluwasemilore', 'female', 'QSI/442726', 4, 2, 3, '2010-03-19', '21/Mar/2022'),
(353, 'Adegbite Moyinoluwa  Esther', 'female', 'QSI/755380', 4, 2, 3, '2008-08-18', '21/Mar/2022'),
(354, 'Adegoke Ikimat Bolatumi', 'female', 'QSI/282806', 4, 2, 3, '2007-09-29', '21/Mar/2022'),
(355, 'Adedeji Goodness Oluwadarasimi', 'female', 'QSI/639970', 4, 2, 3, '2007-08-18', '21/Mar/2022'),
(356, 'Adeyemi Esther Anjolaoluwa ', 'female', 'QSI/212079', 4, 2, 3, '2008-05-06', '21/Mar/2022'),
(357, 'Adeyemi Omokunmi Oyindamola', 'female', 'QSI/619772', 4, 2, 3, '2009-02-05', '21/Mar/2022'),
(358, 'Adeyemi Oluwatoyin Deborah', 'female', 'QSI/817019', 4, 2, 3, '2007-10-13', '21/Mar/2022'),
(359, 'Adeyemi Ademide Taiwo', 'female', 'QSI/34534', 4, 2, 3, '2007-05-26', '21/Mar/2022'),
(360, 'Aderoju Esther Oluwatimileyin', 'female', 'QSI/926375', 4, 2, 3, '2008-09-24', '21/Mar/2022'),
(361, 'Adeniyi Demilade Joy', 'female', 'QSI/255486', 4, 2, 3, '2008-08-14', '21/Mar/2022'),
(362, 'Adeyemo Testimony Oluwabukunmi', 'female', 'QSI/461115', 4, 2, 3, '2007-10-30', '21/Mar/2022'),
(363, 'Adepoju Aduragbemi Taiwo', 'female', 'QSI/643352', 4, 2, 3, '2008-04-24', '21/Mar/2022'),
(364, 'Adigun Ruqqoyat Adeoti', 'female', 'QSI/122457', 4, 2, 3, '2008-01-06', '21/Mar/2022'),
(365, 'Afenifere Roheemat Anuoluwapo', 'female', 'QSI/224074', 4, 2, 3, '2007-07-05', '21/Mar/2022'),
(366, 'Ajadi Iretomiwa Shalom', 'female', 'QSI/31189', 4, 2, 3, '2008-05-16', '21/Mar/2022'),
(367, 'Ajinomoh Daniella Ayomide', 'female', 'QSI/264042', 4, 2, 3, '2008-09-02', '21/Mar/2022'),
(368, 'Akande Oluwaseun Yetunde ', 'female', 'QSI/412617', 4, 2, 3, '2008-11-10', '21/Mar/2022'),
(369, 'Akiibinu Favour Oluwanifemi', 'female', 'QSI/23220', 4, 2, 3, '2007-03-14', '21/Mar/2022'),
(370, 'Akintayo Kehinde Husseinah', 'female', 'QSI/122153', 4, 2, 3, '2008-04-17', '21/Mar/2022'),
(371, 'Akintoye Damilola Elizabeth', 'female', 'QSI/386715', 4, 2, 3, '2006-04-25', '21/Mar/2022'),
(372, 'Alabi Damilola Deborah ', 'female', 'QSI/787557', 4, 2, 3, '2008-10-20', '21/Mar/2022'),
(373, 'Alabi Opeyemi Sukurah', 'female', 'QSI/136894', 4, 2, 3, '2007-02-02', '21/Mar/2022'),
(374, 'Alake Oluwabukunmi Precious', 'female', 'QSI/94183', 4, 2, 3, '2008-09-29', '21/Mar/2022'),
(375, 'Ayegbeso  Mosebolatan Hephzibah', 'female', 'QSI/383237', 4, 2, 3, '2008-08-03', '21/Mar/2022'),
(376, 'Balogun Alimot Oluwafunmilayo', 'female', 'QSI/557744', 4, 2, 3, '2008-04-24', '21/Mar/2022'),
(377, 'Ganiyu Favour Anuoluwapo', 'female', 'QSI/320057', 4, 2, 3, '2007-09-29', '21/Mar/2022'),
(378, 'Jacob Esther Mofiyinfunoluwa', 'female', 'QSI/259054', 4, 2, 3, '2008-10-06', '21/Mar/2022'),
(379, 'Kareem Oyindamola Bukola', 'female', 'QSI/616346', 4, 2, 3, '2004-08-16', '21/Mar/2022'),
(380, 'Kolade Oyindamola Mary', 'female', 'QSI/567471', 4, 2, 3, '2007-06-24', '21/Mar/2022'),
(381, 'Kolawole Taiwo Esther', 'female', 'QSI/729237', 4, 2, 3, '2008-04-04', '21/Mar/2022'),
(382, 'Mimiko Jesutofunmi Wuraola', 'female', 'QSI/986546', 4, 2, 3, '2008-06-07', '21/Mar/2022'),
(383, 'Obadimeji  Esther Oluwatosin', 'female', 'QSI/549410', 4, 2, 3, '2008-02-08', '21/Mar/2022'),
(384, 'Obagunwa Deborah Ayomide ', 'female', 'QSI/588600', 4, 2, 3, '2008-07-18', '21/Mar/2022'),
(385, 'Oladele Racheal Favour', 'female', 'QSI/585438', 4, 2, 3, '2008-04-07', '21/Mar/2022'),
(386, 'Oladehinde Zeenat Ajoke', 'female', 'QSI/884294', 4, 2, 3, '2007-10-23', '21/Mar/2022'),
(387, 'Oladimeji Aliyah Opeyemi', 'female', 'QSI/900269', 4, 2, 3, '2007-04-24', '21/Mar/2022'),
(388, 'Oladipupo Faridat Eniola', 'female', 'QSI/444030', 4, 2, 3, '2009-07-01', '21/Mar/2022'),
(389, 'Oladipupo Rodiat Opeyemi', 'female', 'QSI/174869', 4, 2, 3, '2008-01-19', '21/Mar/2022'),
(390, 'Oladiti Ikmot Ayomide ', 'female', 'QSI/326613', 4, 2, 3, '2006-12-30', '21/Mar/2022'),
(391, 'Olalere Rhoda Oluwapamilerin', 'female', 'QSI/103204', 4, 2, 3, '2008-09-10', '21/Mar/2022'),
(392, 'Olaleye Eunice Faithfulness', 'female', 'QSI/589112', 4, 2, 3, '20088-05-08', '21/Mar/2022'),
(393, 'Olaniyi Aderonke Rebecca', 'female', 'QSI/693981', 4, 2, 3, '2008-07-11', '21/Mar/2022'),
(394, 'Olayinka Jehovah-dunsin Oreoluwa', 'female', 'QSI/56743', 4, 2, 3, '2008-04-27', '21/Mar/2022'),
(395, 'Oluwafemi Aanuoluwapo Funmi', 'female', 'QSI/866394', 4, 2, 3, '2007-05-18', '21/Mar/2022'),
(396, 'Oluwanisola Dorcas Oluwafunmilayo', 'female', 'QSI/543935', 4, 2, 3, '2007-01-06', '21/Mar/2022'),
(397, 'Oludele Anuoluwapo Rhoda', 'female', 'QSI/421825', 4, 2, 3, '2007-12-23', '21/Mar/2022'),
(398, 'Oluwole Hannah Oluwapelumi', 'female', 'QSI/442860', 4, 2, 3, '2008-01-18', '21/Mar/2022'),
(399, 'Okupevi Ruth Mercy', 'female', 'QSI/127257', 4, 2, 3, '2008-06-06', '21/Mar/2022'),
(400, 'Ogunlade Nifemi Olaitan ', 'female', 'QSI/916180', 4, 2, 3, '2007-11-11', '21/Mar/2022'),
(401, 'Omolayo Kehinde Opemipo', 'female', 'QSI/239569', 4, 2, 3, '2007-10-23', '21/Mar/2022'),
(402, 'Omolola Joy Aduragbemi', 'female', 'QSI/560790', 4, 2, 3, '2008-02-20', '21/Mar/2022'),
(403, 'Owoade Ifeoluwa Faith', 'female', 'QSI/645342', 4, 2, 3, '2007-10-20', '21/Mar/2022'),
(404, 'Owopade Oreoluwa Elizabeth', 'female', 'QSI/706400', 4, 2, 3, '2005-10-21', '21/Mar/2022'),
(405, 'Osinaike Similoluwa Oluwatosin', 'female', 'QSI/568845', 4, 2, 3, '2007-02-22', '21/Mar/2022'),
(406, 'Otemade Omolola Morenikeji', 'female', 'QSI/933240', 4, 2, 3, '2008-04-06', '21/Mar/2022'),
(407, 'Oyebanji Folashade Nifemi ', 'female', 'QSI/520727', 4, 2, 3, '2008-01-25', '21/Mar/2022'),
(408, 'Oyenuga Praise Moyosore ', 'female', 'QSI/620296', 4, 2, 3, '2008-07-19', '21/Mar/2022'),
(409, 'Oyewole Aishat Olayemi', 'female', 'QSI/916500', 4, 2, 3, '2007-10-08', '21/Mar/2022'),
(410, 'Shittu Warizat Eniola', 'female', 'QSI/375935', 4, 2, 3, '2007-09-02', '21/Mar/2022'),
(411, 'Suleiman Afsat Omaye', 'female', 'QSI/534350', 4, 2, 3, '2007-06-23', '21/Mar/2022'),
(412, 'Tajudeen Kabirat Motunrayo', 'female', 'QSI/769491', 4, 2, 3, '2008-08-25', '21/Mar/2022'),
(413, 'Tejuoso Grace Opeyemi', 'female', 'QSI/374893', 4, 2, 3, '2008-04-03', '21/Mar/2022'),
(414, 'Tijani Yetunde Mujidat', 'female', 'QSI/128031', 4, 2, 3, '2006-12-03', '21/Mar/2022'),
(415, 'Tijani Boluwatife Rebecca', 'female', 'QSI/254639', 4, 2, 3, '2007-08-04', '21/Mar/2022'),
(416, 'Abdulrofee Roheemah Olaitan', 'female', 'QSI/127008', 4, 3, 3, '2008-11-30', '21/Mar/2022'),
(417, 'Abiodun Eniola Ibukun', 'female', 'QSI/314474', 4, 3, 3, '2007-01-06', '21/Mar/2022'),
(418, 'Adebajo Abisola Mary', 'female', 'QSI/295433', 4, 3, 3, '2008-03-10', '21/Mar/2022'),
(419, 'Adebusoye Precious Oluwaseun', 'female', 'QSI/552517', 4, 3, 3, '2008-11-03', '21/Mar/2022'),
(420, 'Adediran Aishat omobolanle', 'female', 'QSI/517395', 4, 3, 3, '2006-09-24', '21/Mar/2022'),
(421, 'Adeleke Yusoroh Adebisi', 'female', 'QSI/191036', 4, 3, 3, '2009-03-05', '21/Mar/2022'),
(422, 'Adegoke Aliyah ', 'female', 'QSI/107232', 4, 3, 3, '2008-05-22', '21/Mar/2022'),
(423, 'Adegboye Esther', 'female', 'QSI/614205', 4, 3, 3, '2007-06-08', '21/Mar/2022'),
(424, 'Adeniyi Victory Bose', 'female', 'QSI/472743', 4, 3, 3, '2008-12-14', '21/Mar/2022'),
(425, 'Adelusi Sikemi Oluwajomiloju', 'female', 'QSI/250687', 4, 3, 3, '2008-12-26', '21/Mar/2022'),
(426, 'Adeseun Beatrice Motunrayo', 'female', 'QSI/550670', 4, 3, 3, '2007-10-16', '21/Mar/2022'),
(427, 'Adekoya Convenant Rachael ', 'female', 'QSI/791762', 4, 3, 3, '2007-08-10', '21/Mar/2022'),
(428, 'Adeniran Favour Ayomiposi', 'female', 'QSI/495326', 4, 3, 3, '2008-07-08', '21/Mar/2022'),
(429, 'Adeshina Aishat Abiodun', 'female', 'QSI/235723', 4, 3, 3, '2008-03-24', '21/Mar/2022'),
(430, 'Adeyi Olamide Jesuferanmi', 'female', 'QSI/478153', 4, 3, 3, '2008-03-12', '21/Mar/2022'),
(431, 'Adewumi Adesola Oyinkansola ', 'female', 'QSI/907385', 4, 3, 3, '2008-03-30', '21/Mar/2022'),
(432, 'Agboola Oluwadarasimi Mary', 'female', 'QSI/660089', 4, 3, 3, '2007-03-04', '21/Mar/2022'),
(433, 'Agboola Grace Titilope', 'female', 'QSI/90610', 4, 3, 3, '2008-12-31', '21/Mar/2022'),
(434, 'Agbaje Dolapo Anthonia', 'female', 'QSI/39745', 4, 3, 3, '2009-08-17', '21/Mar/2022'),
(435, 'Afolabi Abigael Moyinoluwa', 'female', 'QSI/513951', 4, 3, 3, '2006-10-01', '21/Mar/2022'),
(436, 'Ajala Ajoke Omolara', 'female', 'QSI/727098', 4, 3, 3, '2008-02-14', '21/Mar/2022'),
(437, 'Ajeigbe Aanuoluwapo P', 'female', 'QSI/879846', 4, 3, 3, '2009-05-10', '21/Mar/2022'),
(438, 'Alamu Faidat Aduragbemi ', 'female', 'QSI/102142', 4, 3, 3, '2007-09-16', '21/Mar/2022'),
(439, 'Alao Bolaji Grace ', 'female', 'QSI/29402', 4, 3, 3, '2007-09-16', '21/Mar/2022'),
(440, 'Akindele Helen Mosunmola', 'female', 'QSI/44715', 4, 3, 3, '2009-08-08', '21/Mar/2022'),
(441, 'Akinrele Esther Oluwatoyin', 'female', 'QSI/457360', 4, 3, 3, '2007-06-15', '21/Mar/2022'),
(442, 'Arawomo Victoria Ayobolanle', 'female', 'QSI/159960', 4, 3, 3, '2006-07-04', '21/Mar/2022'),
(443, 'Aremu Faridah Teniola', 'female', 'QSI/739241', 4, 3, 3, '2008-07-19', '21/Mar/2022'),
(444, 'Aregbesola Esther Folashade', 'female', 'QSI/399845', 4, 3, 3, '2008-10-14', '21/Mar/2022'),
(445, 'Asonibare Ayotomi Damilola', 'female', 'QSI/716599', 4, 3, 3, '2008-05-21', '21/Mar/2022'),
(446, 'Attie Esther Bright', 'female', 'QSI/444322', 4, 3, 3, '2009-04-14', '21/Mar/2022'),
(447, 'Awelewa Boluwatife D', 'female', 'QSI/703899', 4, 3, 3, '2007-06-13', '21/Mar/2022'),
(448, 'Badmus Bisola Favour', 'female', 'QSI/82250', 4, 3, 3, '2007-07-03', '21/Mar/2022'),
(449, 'Bankole Oluwakemi Mary', 'female', 'QSI/488868', 4, 3, 3, '2007-08-06', '21/Mar/2022'),
(450, 'Bashiru Rokeebah', 'female', 'QSI/876111', 4, 3, 3, '2007-12-06', '21/Mar/2022'),
(451, 'Bamigboye Risqot Damilola', 'female', 'QSI/565336', 4, 3, 3, '2008-06-26', '21/Mar/2022'),
(452, 'Cole Deborah Ifeoluwa', 'female', 'QSI/667217', 4, 3, 3, '2006-06-17', '21/Mar/2022'),
(453, 'Enufo Taiwo Victoria', 'female', 'QSI/220889', 4, 3, 3, '2007-01-25', '21/Mar/2022'),
(454, 'Eniayewu Jolajesu Grace', 'female', 'QSI/888204', 4, 3, 3, '2007-07-07', '21/Mar/2022'),
(455, 'Fajuyigbe Fikemi Naomi', 'female', 'QSI/960562', 4, 3, 3, '2009-11-23', '21/Mar/2022'),
(456, 'Friday Ifeoluwa Gift', 'female', 'QSI/213748', 4, 3, 3, '2008-12-31', '21/Mar/2022'),
(457, 'Ganiyu Olaide Faith', 'female', 'QSI/194622', 4, 3, 3, '2007-07-15', '21/Mar/2022'),
(458, 'Idowu Pelumi T', 'female', 'QSI/319291', 4, 3, 3, '2007-08-26', '21/Mar/2022'),
(459, 'Isa Opeyemi Zainab', 'female', 'QSI/38661', 4, 3, 3, '2008-09-23', '21/Mar/2022'),
(460, 'Iyiola Fathia Ajoke', 'female', 'QSI/177073', 4, 3, 3, '2009-06-20', '21/Mar/2022'),
(461, 'James Faith Victoria', 'female', 'QSI/225504', 4, 3, 3, '2007-09-10', '21/Mar/2022'),
(462, 'Joshua Ayomiposi Grace', 'female', 'QSI/887008', 4, 3, 3, '2009-05-24', '21/Mar/2022'),
(463, 'Lateef Rashidat Morenikeji', 'female', 'QSI/940912', 4, 3, 3, '2006-09-14', '21/Mar/2022'),
(464, 'Moshood Rokibat Omolola', 'female', 'QSI/757678', 4, 3, 3, '2009-09-02', '22/Mar/2022'),
(465, 'Ndukwe Favour Onyinye', 'female', 'QSI/410696', 4, 3, 3, '2008-09-24', '22/Mar/2022'),
(466, 'Ogunmola Favour Aimanoshi', 'female', 'QSI/581044', 4, 3, 3, '2008-08-28', '22/Mar/2022'),
(467, 'Ogundare Pamilerin Itunu', 'female', 'QSI/876959', 4, 3, 3, '2008-09-03', '22/Mar/2022'),
(468, 'Ojedele Abigael Rebecca', 'female', 'QSI/432081', 4, 3, 3, '2009-04-19', '22/Mar/2022'),
(469, 'Ojo Sarah Temiloluwa', 'female', 'QSI/507456', 4, 3, 3, '2008-02-29', '22/Mar/2022'),
(470, 'Oladimeji Aishat Olaitan', 'female', 'QSI/932857', 4, 3, 3, '2008-05-14', '22/Mar/2022'),
(471, 'Olarenwaju Fatimoh  ', 'female', 'QSI/129036', 4, 3, 3, '2007-12-28', '22/Mar/2022'),
(472, 'Olayiwola Ameerah Opeyemi', 'female', 'QSI/461125', 4, 3, 3, '2008-05-21', '22/Mar/2022'),
(473, 'Oluwole Temilayo Ooreoluwa', 'female', 'QSI/208224', 4, 3, 3, '2009-02-26', '22/Mar/2022'),
(474, 'Omowumi Omolola Blessing', 'female', 'QSI/900064', 4, 3, 3, '2009-05-26', '22/Mar/2022'),
(475, 'Oyekunle Qowiyyah Adeola', 'female', 'QSI/988191', 4, 3, 3, '2008-11-17', '22/Mar/2022'),
(476, 'Oyewumi Imoleayo Olamide', 'female', 'QSI/607189', 4, 3, 3, '2009-01-28', '22/Mar/2022'),
(477, 'Raymond Grace Oyiza', 'female', 'QSI/644170', 4, 3, 3, '2007-10-29', '22/Mar/2022'),
(478, 'Shofoluwe Olajumoke Mary', 'female', 'QSI/294299', 4, 3, 3, '2006-06-09', '22/Mar/2022'),
(479, 'Salau Rodiat Olamide', 'female', 'QSI/482395', 4, 3, 3, '2007-07-06', '22/Mar/2022'),
(480, 'Sulaimon Zainab Oluwatosin', 'female', 'QSI/862264', 4, 3, 3, '2007-03-17', '22/Mar/2022'),
(481, 'Taoheed Hameedah Abike', 'female', 'QSI/37137', 4, 3, 3, '2007-08-15', '22/Mar/2022'),
(482, 'Tijani Aishat E', 'female', 'QSI/152514', 4, 3, 3, '2007-03-12', '22/Mar/2022'),
(483, 'Wasiu Quyumat Ayomide', 'female', 'QSI/435060', 4, 3, 3, '2007-02-16', '22/Mar/2022'),
(484, 'Idowu Racheal Omotayo', 'female', 'QSI/820586', 4, 3, 3, '2008-05-19', '22/Mar/2022'),
(485, 'Makinde Aanuoluwapo Mary', 'female', 'QSI/331236', 4, 2, 3, '2009-07-14', '28/Mar/2022'),
(486, 'Afolabi Temitope ', 'female', 'QSI/294436', 4, 6, 3, '2005-04-04', '28/Mar/2022'),
(487, 'Ogunjobi Blessing Okikiola', 'female', 'QSI/53290', 4, 5, 3, '2008-11-01', '28/Mar/2022'),
(488, 'Alabi Sofiyyah', 'female', 'QSI/155997', 4, 5, 3, '', '01/Apr/2022'),
(489, 'Adegbuyi Mariam', 'female', 'QSI/674674', 4, 6, 3, '', '01/Apr/2022');

-- --------------------------------------------------------

--
-- Table structure for table `users`
--

CREATE TABLE `users` (
  `id` int(10) NOT NULL,
  `name` varchar(255) NOT NULL,
  `gender` varchar(255) NOT NULL,
  `code` varchar(255) NOT NULL,
  `class` int(10) NOT NULL,
  `arm` int(10) NOT NULL,
  `session` int(10) NOT NULL,
  `dob` varchar(255) NOT NULL,
  `date` varchar(255) NOT NULL
) ENGINE=InnoDB DEFAULT CHARSET=utf8mb4;

--
-- Dumping data for table `users`
--

INSERT INTO `users` (`id`, `name`, `gender`, `code`, `class`, `arm`, `session`, `dob`, `date`) VALUES
(1, 'Olayiwola Akeem', 'male', 'QSI/608219', 0, 0, 0, '', '15/Jan/2022'),
(2, 'Olayiwola Akeem', 'male', 'QSI/263461', 0, 0, 0, '', '15/Jan/2022'),
(3, 'Olayiwola Akeem Ademola', 'male', 'QSI/626383', 0, 0, 0, '', '15/Jan/2022'),
(4, 'Olayiwola Akeem Ademola', 'male', 'QSI/921877', 0, 0, 0, '', '15/Jan/2022'),
(5, 'Olayiwola Akeem Ademola', 'male', 'QSI/942168', 0, 0, 0, '', '15/Jan/2022'),
(6, 'Olayiwola Akeem Ademola', 'male', 'QSI/791834', 0, 0, 0, '', '15/Jan/2022'),
(7, 'Olayiwola Akeem Ademola', 'male', 'QSI/825797', 0, 0, 0, '', '15/Jan/2022'),
(8, 'Olayiwola Akeem', 'female', 'QSI/515464', 1, 2, 1, '', '15/Jan/2022'),
(9, 'Olayiwola Akeem', 'female', 'QSI/669727', 1, 2, 1, '', '15/Jan/2022'),
(10, 'Olayiwola Akeem', 'female', 'QSI/353256', 1, 2, 1, '', '15/Jan/2022'),
(11, 'Olayiwola A', 'male', 'QSI/721367', 3, 1, 1, '', '15/Jan/2022'),
(12, 'Olayiwola Akm', 'female', 'QSI/96667', 3, 2, 1, '', '15/Jan/2022'),
(13, 'Adewolu o', 'male', 'QSI/599334', 2, 1, 1, '', '15/Jan/2022'),
(14, 'Abdullah abdulkareem', 'male', 'QSI/923433', 2, 1, 1, '19/Mar/2001', '15/Jan/2022'),
(15, 'Aguda Victoria Zaniba', 'female', 'QSI/702728', 2, 1, 1, '2000-06-12', '24/Jan/2022'),
(16, 'Abdulrahmon Okikiola Mulikat', 'female', 'QSI/266660', 4, 4, 3, '2009-02-10', '25/Jan/2022'),
(17, 'Abdulsataar Zainab Mosoba', 'female', 'QSI/11527', 4, 4, 3, '2007-10-10', '25/Jan/2022'),
(18, 'Abiodun Damilola Fatimah', 'female', 'QSI/48542', 4, 4, 3, '2007-06-15', '25/Jan/2022'),
(19, 'Adebanjo Success Seyi', 'female', 'QSI/153135', 4, 4, 3, '2007-09-12', '25/Jan/2022'),
(20, 'Adedeji Clementina Omolade', 'female', 'QSI/356780', 4, 4, 3, '2008-11-29', '25/Jan/2022'),
(21, 'Adekola Mariam Romoke', 'female', 'QSI/56559', 4, 4, 3, '2006-10-22', '25/Jan/2022'),
(22, 'Aderibigbe Omolabake Adesola', 'female', 'QSI/385646', 4, 4, 3, '2008-03-02', '25/Jan/2022'),
(23, 'Afolabi Oreoluwa Ruth', 'female', 'QSI/300743', 4, 4, 3, '2008-07-21', '25/Jan/2022'),
(24, 'Agboola Roheemot Folashade', 'female', 'QSI/93780', 4, 4, 3, '2008-06-16', '25/Jan/2022'),
(25, 'Ajala Oluwatosin Deborah', 'female', 'QSI/27637', 4, 4, 3, '2009-05-09', '25/Jan/2022'),
(26, 'Akinbile Balikis Oluwafunmilayo', 'female', 'QSI/203385', 4, 4, 3, '2006-10-26', '25/Jan/2022'),
(27, 'Amemata Endurance Omolola', 'female', 'QSI/678456', 4, 4, 3, '2008-10-14', '25/Jan/2022'),
(28, 'Amolegbe Awau Tolani', 'female', 'QSI/453723', 4, 4, 3, '2008-01-21', '25/Jan/2022'),
(29, 'Bamisile Rebecca Oluwatosin', 'female', 'QSI/774116', 4, 4, 3, '2008-08-07', '25/Jan/2022'),
(30, 'Bello Monisola Suliyat', 'female', 'QSI/855973', 4, 4, 3, '2007-07-29', '25/Jan/2022'),
(31, 'Faito Precious Oluwanifemi', 'female', 'QSI/830126', 4, 4, 3, '2007-11-16', '25/Jan/2022'),
(32, 'Hammed Zainab Damola', 'female', 'QSI/194504', 4, 4, 3, '2007-05-09', '25/Jan/2022'),
(33, 'Iheanacho Chinazaekpere Goodness', 'female', 'QSI/991870', 4, 4, 3, '2008-02-02', '25/Jan/2022'),
(34, 'Ishola Blessing Grace ', 'female', 'QSI/552344', 4, 4, 3, '2007-12-26', '25/Jan/2022'),
(35, 'Joel Charity Oluwafunmilola', 'female', 'QSI/566969', 4, 4, 3, '2006-09-20', '25/Jan/2022'),
(36, 'John Rhoda Loveth', 'female', 'QSI/681842', 4, 4, 3, '2006-08-06', '25/Jan/2022'),
(37, 'Johnson Esther Ayomide', 'female', 'QSI/339002', 4, 4, 3, '2008-03-14', '25/Jan/2022'),
(38, 'Mathew Joy Azehlumen', 'female', 'QSI/144254', 4, 4, 3, '2006-08-15', '25/Jan/2022'),
(39, 'Oduayo Rachael Foyinsodun', 'female', 'QSI/576545', 4, 4, 3, '2008-02-02', '25/Jan/2022'),
(40, 'Oduniyi Elizabeth Jesunifemi', 'female', 'QSI/131355', 4, 4, 3, '2009-03-19', '25/Jan/2022'),
(41, 'Olabamiji Esther Inioluwa', 'female', 'QSI/265528', 4, 4, 3, '2008-03-19', '25/Jan/2022'),
(42, 'Olalekan Aishat Oyinkansola', 'female', 'QSI/260793', 3, 4, 3, '2008-12-26', '25/Jan/2022'),
(43, 'Olalekan Aishat Oyinkansola', 'female', 'QSI/992656', 4, 4, 3, '2008-12-26', '25/Jan/2022'),
(44, 'Olanrewaju Eniola Barakat', 'female', 'QSI/453879', 4, 4, 3, '2008-08-18', '25/Jan/2022'),
(45, 'Olatoyinbo Temidayo Favour', 'female', 'QSI/596942', 4, 4, 3, '2008-08-05', '25/Jan/2022'),
(46, 'Ologbenla Inioluwa Christiana', 'female', 'QSI/584825', 4, 4, 3, '2008-12-18', '25/Jan/2022'),
(47, 'Oyeneye Khadijah Omolade', 'female', 'QSI/74086', 4, 4, 3, '2007-08-22', '25/Jan/2022'),
(48, 'Saula Kauthar Olamiposi', 'female', 'QSI/161206', 4, 4, 3, '2006-12-08', '25/Jan/2022'),
(49, 'Taiwo Ifeoluwa Esther', 'female', 'QSI/787658', 4, 4, 3, '2007-05-29', '25/Jan/2022'),
(50, 'Taofeeq Aishat Omowumi', 'female', 'QSI/23652', 4, 4, 3, '2007-05-22', '25/Jan/2022'),
(51, 'Alphonso Esther Temiloluwa', 'female', 'QSI/699908', 5, 1, 3, '2008-04-15', '10/Mar/2022'),
(52, 'aaaaaaaaaaa', 'female', 'QSI/911791', 0, 0, 0, '', '12/Mar/2022'),
(53, 'Akeem', 'female', 'QSI/4674', 4, 1, 0, '', '12/Mar/2022'),
(54, 'AbdulAzeez AmotulAzeez Moriyike', 'female', 'QSI/584208', 4, 1, 3, '2008-03-21', '12/Mar/2022'),
(55, 'Akeem', 'female', 'QSI/872497', 2, 2, 1, '', '12/Mar/2022'),
(56, 'Adebisi Raheemat Adenike', 'female', 'QSI/671544', 4, 6, 3, '2007-05-16', '17/Mar/2022'),
(57, 'Adebisi Salmat Oluwabunmi', 'female', 'QSI/281502', 4, 6, 3, '2007-05-17', '17/Mar/2022'),
(58, 'Adebusayo Rachael Gbotemi', 'female', 'QSI/553330', 4, 6, 3, '2007-10-27', '17/Mar/2022'),
(59, 'Ademola Success Abifoluwa', 'female', 'QSI/101970', 4, 6, 3, '2009-01-11', '17/Mar/2022'),
(60, 'Adegbuyi Eniola Aishat', 'female', 'QSI/724247', 4, 6, 3, '2007-10-07', '17/Mar/2022'),
(61, 'Adegoke Bolanle Omolola', 'female', 'QSI/983198', 4, 6, 3, '2006-02-17', '17/Mar/2022'),
(62, 'Adigun Moyosore Muibat', 'female', 'QSI/788290', 4, 6, 3, '2008-09-21', '17/Mar/2022'),
(63, 'Adekunle Amen Ayoade', 'female', 'QSI/689241', 4, 6, 3, '2008-08-25', '17/Mar/2022'),
(64, 'Adekunle Yetunde Esther', 'female', 'QSI/100252', 4, 6, 3, '2003-03-14', '17/Mar/2022'),
(65, 'Adekusibe Hussainat Adejumoke', 'female', 'QSI/662288', 4, 6, 3, '2009-01-24', '17/Mar/2022'),
(66, 'Adewale Motunrayo Faith', 'female', 'QSI/491275', 4, 6, 3, '2006-04-24', '17/Mar/2022'),
(67, 'Adewoye Darasimi Ruth', 'female', 'QSI/112699', 4, 6, 3, '2008-07-11', '17/Mar/2022'),
(68, 'Afonja Aliyah Adeyinka', 'female', 'QSI/941204', 4, 6, 3, '2006-01-28', '17/Mar/2022'),
(69, 'Aguda Victoria Zainab', 'female', 'QSI/533137', 4, 6, 3, '2009-10-05', '17/Mar/2022'),
(70, 'Ajadi Erioreofe Victoria', 'female', 'QSI/874192', 4, 6, 3, '2008-11-04', '17/Mar/2022'),
(71, 'Ajayi Esther Boluwatife ', 'female', 'QSI/11441', 4, 6, 3, '2007-12-03', '17/Mar/2022'),
(72, 'Adekoya Kanyinsola Christianah', 'female', 'QSI/279709', 4, 6, 3, '2007-11-08', '17/Mar/2022'),
(73, 'Akande Islamiat Desire', 'female', 'QSI/283806', 4, 6, 3, '2009-06-28', '17/Mar/2022'),
(74, 'Alabi Azeezat Esther', 'female', 'QSI/147017', 4, 6, 3, '2006-02-07', '17/Mar/2022'),
(75, 'Alamoran Damilola Olamide', 'female', 'QSI/365602', 4, 6, 3, '2006-04-10', '17/Mar/2022'),
(76, 'Amosun Olaoluwapo Deborah', 'female', 'QSI/230448', 4, 6, 3, '2004-11-29', '17/Mar/2022'),
(77, 'Anibire Oluwatunmise Ifeoluwa', 'female', 'QSI/151295', 4, 6, 3, '2008-09-17', '17/Mar/2022'),
(78, 'Animashaun Faridat Adekanyinsola', 'female', 'QSI/111118', 4, 6, 3, '2008-10-25', '17/Mar/2022'),
(79, 'Arowolo Moyosore Testimony', 'female', 'QSI/617855', 4, 6, 3, '2008-02-07', '17/Mar/2022'),
(80, 'Arowosegbe Faridat Oyindamola', 'female', 'QSI/718222', 4, 6, 3, '2006-03-06', '17/Mar/2022'),
(81, 'Ashamu Boluwatife Temilade', 'female', 'QSI/453226', 4, 6, 3, '2006-02-22', '17/Mar/2022'),
(82, 'Asikolaye Selimot Ayomide', 'female', 'QSI/737044', 4, 6, 3, '2006-01-07', '17/Mar/2022'),
(83, 'Ayeni Vivian Omorinsola', 'female', 'QSI/18425', 4, 6, 3, '2008-01-16', '17/Mar/2022'),
(84, 'Azeez Rofiat Ibukun', 'female', 'QSI/130263', 4, 6, 3, '2009-05-10', '17/Mar/2022'),
(85, 'Bassey Mary Abigail', 'female', 'QSI/167240', 4, 6, 3, '2007-05-04', '17/Mar/2022'),
(86, 'Balogun Sururoh Mopelola', 'female', 'QSI/699218', 4, 6, 3, '2008-10-20', '17/Mar/2022'),
(87, 'Fapohunda Esther Ifeoluwa', 'female', 'QSI/89298', 4, 6, 3, '2008-05-16', '17/Mar/2022'),
(88, 'Fapohunda Precious Boluwatife', 'female', 'QSI/424834', 4, 6, 3, '2008-08-21', '17/Mar/2022'),
(89, 'Fatai Bisola Suliyat', 'female', 'QSI/887567', 4, 6, 3, '2008-08-04', '17/Mar/2022'),
(90, 'Folarin Esther Fiyinfoluwa', 'female', 'QSI/65025', 4, 6, 3, '2008-01-06', '17/Mar/2022'),
(91, 'Ifasanya Aishat Owolabi', 'female', 'QSI/334388', 4, 6, 3, '2005-01-10', '17/Mar/2022'),
(92, 'Joseph Mary Chidawa', 'female', 'QSI/811435', 4, 6, 3, '2005-02-10', '17/Mar/2022'),
(93, 'Kazeem Islamiat Oluwapelumi', 'female', 'QSI/697954', 4, 6, 3, '2009-04-21', '17/Mar/2022'),
(94, 'Abdulhakeem Aishat Funmilayo', 'female', 'QSI/260162', 4, 5, 3, '2007-05-23', '17/Mar/2022'),
(95, 'Lasisi Rodiat Olalere', 'female', 'QSI/706008', 4, 6, 3, '2008-01-12', '17/Mar/2022'),
(96, 'Mobolaji Justinah Bamidele', 'female', 'QSI/88827', 4, 6, 3, '2006-10-08', '17/Mar/2022'),
(97, 'Moyofola Kabirat Abidemi', 'female', 'QSI/970566', 4, 6, 3, '2002-05-08', '17/Mar/2022'),
(98, 'Abdulazeez Rodiat Lolade', 'female', 'QSI/296463', 4, 5, 3, '2007-03-12', '17/Mar/2022'),
(99, 'Muhammed Aishat Adebayo', 'female', 'QSI/414439', 4, 6, 3, '2008-06-08', '17/Mar/2022'),
(100, 'Abdulsalam Rokibat Adeola', 'female', 'QSI/589124', 4, 5, 3, '2007-10-23', '17/Mar/2022'),
(101, 'Muftau Anuoluwapo Rokibat', 'female', 'QSI/895083', 4, 6, 3, '2008-04-16', '17/Mar/2022'),
(102, 'Adebisi Suliyat Olawunmi', 'female', 'QSI/94428', 4, 5, 3, '2007-04-20', '17/Mar/2022'),
(103, 'Mustapha Zeenat Opemipo', 'female', 'QSI/695552', 4, 6, 3, '2008-11-14', '17/Mar/2022'),
(104, 'Adeleye Shalom Ayomide', 'female', 'QSI/51519', 4, 5, 3, '2007-06-30', '17/Mar/2022'),
(105, 'Obilade Rokibat Omobolanle', 'female', 'QSI/344624', 4, 6, 3, '2007-06-02', '17/Mar/2022'),
(106, 'Odunayo Mercy Oluwakemisola', 'female', 'QSI/913238', 4, 6, 3, '2008-09-12', '17/Mar/2022'),
(107, 'Aderemi Afolajaiye Mofoworade', 'female', 'QSI/627857', 4, 5, 3, '2007-05-29', '17/Mar/2022'),
(108, 'Ogooluwa Monsurat Toyosi', 'female', 'QSI/434690', 4, 6, 3, '2008-05-30', '17/Mar/2022'),
(109, 'Adesemoye Faith Eniola', 'female', 'QSI/862914', 4, 5, 3, '2007-09-18', '17/Mar/2022'),
(110, 'Ogunleye Eniola Grace', 'female', 'QSI/714029', 4, 6, 3, '2007-08-18', '17/Mar/2022'),
(111, 'Okewoye Darasimi Oluwanifemi', 'female', 'QSI/451126', 4, 6, 3, '2007-12-25', '17/Mar/2022'),
(112, 'Okunola Feyishara Kadijat', 'female', 'QSI/950286', 4, 6, 3, '2006-07-09', '17/Mar/2022'),
(113, 'Agbita Iroghene Praise', 'female', 'QSI/490250', 4, 5, 3, '', '17/Mar/2022'),
(114, 'Oladejo Rukoyat Eniola', 'female', 'QSI/812700', 4, 6, 3, '2005-11-24', '17/Mar/2022'),
(115, 'Agboola Fathia Ibironke', 'female', 'QSI/119588', 4, 5, 3, '2005-03-03', '17/Mar/2022'),
(116, 'Oladipo Mariam Olayemi', 'female', 'QSI/269237', 4, 6, 3, '2008-08-16', '17/Mar/2022'),
(117, 'Olalekan Taiwo Grace', 'female', 'QSI/295760', 4, 6, 3, '2007-07-04', '17/Mar/2022'),
(118, 'Olajide Nifemi Funmi', 'female', 'QSI/345403', 4, 6, 3, '2006-01-06', '17/Mar/2022'),
(119, 'Olaniyan Itunu Victoria', 'female', 'QSI/962132', 4, 6, 3, '2008-12-26', '17/Mar/2022'),
(120, 'Olanusi Pelumi Esther', 'female', 'QSI/431606', 4, 6, 3, '2008-08-04', '17/Mar/2022'),
(121, 'Olapade Blessing Elizabeth', 'female', 'QSI/384796', 4, 6, 3, '2005-05-21', '17/Mar/2022'),
(122, 'Olasupo Pelumi Favour', 'female', 'QSI/857162', 4, 6, 3, '2006-07-17', '17/Mar/2022'),
(123, 'Olude Felicia Oluwarantimi', 'female', 'QSI/897173', 4, 6, 3, '2005-07-17', '17/Mar/2022'),
(124, 'Oluwafemi Toluwanimi', 'female', 'QSI/999781', 4, 6, 3, '2007-06-19', '17/Mar/2022'),
(125, 'Ahmad Rodiyah Ajoke', 'female', 'QSI/595677', 4, 5, 3, '2007-01-01', '17/Mar/2022'),
(126, 'Omoniyi Boluwatife Victoria ', 'female', 'QSI/430945', 4, 6, 3, '2008-04-06', '17/Mar/2022'),
(127, 'Omojola Eniola Mojisola ', 'female', 'QSI/294308', 4, 6, 3, '2008-02-03', '17/Mar/2022'),
(128, 'Otunonye Genevieve Ngosi', 'female', 'QSI/776763', 4, 6, 3, '2007-04-28', '17/Mar/2022'),
(129, 'Oyetayo Eniola Esther', 'female', 'QSI/138923', 4, 6, 3, '2006-02-26', '17/Mar/2022'),
(130, 'Oyeniyi Mariam Moyosore', 'female', 'QSI/252584', 4, 6, 3, '2008-08-01', '17/Mar/2022'),
(131, 'Oyewunmi Zainab Omolara', 'female', 'QSI/778374', 4, 6, 3, '2008-06-29', '17/Mar/2022'),
(132, 'Raheem Khadijat Taiwo', 'female', 'QSI/170348', 4, 6, 3, '2007-01-13', '17/Mar/2022'),
(133, 'Rahmon Rukoyat Ayomide', 'female', 'QSI/721130', 4, 6, 3, '2007-12-24', '17/Mar/2022'),
(134, 'Salami Alimot Ayomide', 'female', 'QSI/522449', 4, 6, 3, '2004-02-26', '17/Mar/2022'),
(135, 'Salami Iyanuoluwa Precious', 'female', 'QSI/242173', 4, 6, 3, '2006-11-14', '17/Mar/2022'),
(136, 'Salami Pamilerin Ajoke', 'female', 'QSI/843573', 4, 6, 3, '2007-07-31', '17/Mar/2022'),
(137, 'Salahudeen Fatimah Olaitan', 'female', 'QSI/119708', 4, 6, 3, '2007-06-03', '17/Mar/2022'),
(138, 'Samuel Deborah Victory', 'female', 'QSI/114378', 4, 6, 3, '2006-05-20', '17/Mar/2022'),
(139, 'Solomon Boluwatife Oluwafeyikemi', 'female', 'QSI/431795', 4, 6, 3, '2008-05-09', '17/Mar/2022'),
(140, 'Soretire Helen Ajoke', 'female', 'QSI/798127', 4, 6, 3, '2008-04-27', '17/Mar/2022'),
(141, 'Sosanya Sharon Oluwatobi', 'female', 'QSI/878867', 4, 6, 3, '2008-12-09', '17/Mar/2022'),
(142, 'Taofik Ruth Odunayo', 'female', 'QSI/669298', 4, 6, 3, '2005-12-18', '17/Mar/2022'),
(143, 'Ubandawaki Aishat Odunayo ', 'female', 'QSI/631042', 4, 6, 3, '2006-12-24', '17/Mar/2022'),
(144, 'Ubah Loveth Munachi', 'female', 'QSI/62790', 4, 6, 3, '2007-05-17', '17/Mar/2022'),
(145, 'Uthman Azeezat Taiwo ', 'female', 'QSI/325297', 4, 6, 3, '2005-09-12', '17/Mar/2022'),
(146, 'Yakub Mariam Asabi', 'female', 'QSI/433572', 4, 6, 3, '2005-06-10', '17/Mar/2022'),
(147, 'Akande Oreofe Flourence', 'female', 'QSI/575220', 4, 5, 3, '2008-12-03', '20/Mar/2022'),
(148, 'Akinrefon Blessing Damiola', 'female', 'QSI/823169', 4, 5, 3, '2008-12-04', '20/Mar/2022'),
(149, 'Akintayo Hassanat Taiwo', 'female', 'QSI/639175', 4, 5, 3, '2008-04-17', '20/Mar/2022'),
(150, 'Amusan Oluwatimileyin Joy', 'female', 'QSI/99897', 4, 5, 3, '2008-05-16', '20/Mar/2022'),
(151, 'Ayinde Mutmainat Adepeju', 'female', 'QSI/535463', 4, 5, 3, '2008-07-23', '20/Mar/2022'),
(152, 'Ayinla Felicia Motunrayo', 'female', 'QSI/331736', 4, 5, 3, '2008-10-02', '20/Mar/2022'),
(153, 'Bankole Opeyemi Halleluyah', 'female', 'QSI/514404', 4, 5, 3, '2008-11-16', '20/Mar/2022'),
(154, 'Banjo Ibukun Elizabeth', 'female', 'QSI/620082', 4, 5, 3, '2008-06-29', '20/Mar/2022'),
(155, 'Emah Angel Oiza', 'female', 'QSI/187656', 4, 5, 3, '2009-07-16', '20/Mar/2022'),
(156, 'Eromosele Joy Mercy', 'female', 'QSI/266031', 4, 5, 3, '2008-07-10', '20/Mar/2022'),
(157, 'Ezeh Sethianah Oluwamo', 'female', 'QSI/711342', 4, 5, 3, '2008-07-24', '20/Mar/2022'),
(158, 'Fabowale Christianah Inioluwa', 'female', 'QSI/108986', 4, 5, 3, '2007-12-10', '20/Mar/2022'),
(159, 'Fabiyi Mary Oluwaseyifunmi', 'female', 'QSI/396712', 4, 5, 3, '2007-04-13', '20/Mar/2022'),
(160, 'Folorunsho Great Grace Motayo', 'female', 'QSI/916923', 4, 5, 3, '2009-11-01', '20/Mar/2022'),
(161, 'Gbadamosi Rukoyah Feranmi', 'female', 'QSI/903090', 4, 5, 3, '2006-06-06', '20/Mar/2022'),
(162, 'Hassan Basirat Taiwo', 'female', 'QSI/647354', 4, 5, 3, '2005-01-18', '20/Mar/2022'),
(163, 'Igwe Callista Chimuchemu', 'female', 'QSI/773423', 4, 5, 3, '2008-02-04', '20/Mar/2022'),
(164, 'Iheagwu Chinayenwa Rita', 'female', 'QSI/754190', 4, 5, 3, '', '20/Mar/2022'),
(165, 'Ilori Deborah Imole', 'female', 'QSI/337559', 4, 5, 3, '2007-05-17', '20/Mar/2022'),
(166, 'Isawe Christiana Odunayo', 'female', 'QSI/176304', 4, 5, 3, '2007-01-27', '20/Mar/2022'),
(167, 'Ismail Monsurah Opeyemi', 'female', 'QSI/920259', 4, 5, 3, '2007-08-04', '20/Mar/2022'),
(168, 'Jegede Joy Eniola', 'female', 'QSI/726874', 4, 5, 3, '2008-04-17', '20/Mar/2022'),
(169, 'Joseph Deborah Victoria', 'female', 'QSI/791010', 4, 5, 3, '2008-04-08', '20/Mar/2022'),
(170, 'Lukman Haliyat Adeola', 'female', 'QSI/881907', 4, 5, 3, '2008-08-31', '20/Mar/2022'),
(171, 'Makanjuola Esther Happiness', 'female', 'QSI/768274', 4, 5, 3, '2008-03-30', '20/Mar/2022'),
(172, 'Moshood Aliyat Oyindamola', 'female', 'QSI/915949', 4, 5, 3, '2009-07-29', '20/Mar/2022'),
(173, 'Muritala Oreoluwa Adeola', 'female', 'QSI/709528', 4, 5, 3, '2006-10-06', '20/Mar/2022'),
(174, 'Mustapha Nofisat Omowumi', 'female', 'QSI/815986', 4, 5, 3, '2007-07-02', '20/Mar/2022'),
(175, 'Nasiru Ramatu', 'female', 'QSI/396907', 4, 5, 3, '2006-11-22', '20/Mar/2022'),
(176, 'Obasa Precious Oluwalo', 'female', 'QSI/940544', 4, 5, 3, '2006-11-22', '20/Mar/2022'),
(177, 'Obaje Suzan Peace', 'female', 'QSI/640113', 4, 5, 3, '2006-05-06', '20/Mar/2022'),
(178, 'Odeyemi Favour Olawumi', 'female', 'QSI/38998', 4, 5, 3, '2007-06-26', '20/Mar/2022'),
(179, 'Odo Marvellous Temiloluwa', 'female', 'QSI/654407', 4, 5, 3, '2008-03-24', '20/Mar/2022'),
(180, 'Odunlami Dorcas Pelumi', 'female', 'QSI/962068', 4, 5, 3, '2007-07-31', '20/Mar/2022'),
(181, 'Ogunleye Victoria Adeola', 'female', 'QSI/516431', 4, 5, 3, '2009-04-22', '20/Mar/2022'),
(182, 'Ogunsola Precious Nifemi', 'female', 'QSI/423349', 4, 5, 3, '2008-05-07', '20/Mar/2022'),
(183, 'Ojuolape Rofiat Moyosore', 'female', 'QSI/954307', 4, 5, 3, '2009-02-22', '20/Mar/2022'),
(184, 'Olagoke Aliyah Ayomide', 'female', 'QSI/889456', 4, 5, 3, '2008-04-13', '20/Mar/2022'),
(185, 'Olakunle Aishat Oyindamola', 'female', 'QSI/63181', 4, 5, 3, '2008-10-01', '20/Mar/2022'),
(186, 'Olalekan Kehinde Glory', 'female', 'QSI/754875', 4, 5, 3, '2007-07-04', '20/Mar/2022'),
(187, 'Olalekan Islamiat Aanuoluwapo', 'female', 'QSI/319910', 4, 5, 3, '2008-01-10', '20/Mar/2022'),
(188, 'Olaniran Hikmat Olajumoke', 'female', 'QSI/486447', 4, 5, 3, '2007-12-05', '20/Mar/2022'),
(189, 'Olaniyi Eniola Rebecca', 'female', 'QSI/152513', 4, 5, 3, '', '20/Mar/2022'),
(190, 'Olaniyi Rejoice Pamilerin', 'female', 'QSI/624590', 4, 5, 3, '2008-10-07', '20/Mar/2022'),
(191, 'Olarinde Ibukun Victoria', 'female', 'QSI/701651', 4, 5, 3, '2008-02-03', '20/Mar/2022'),
(192, 'Olasupo Rodiat Olamide', 'female', 'QSI/749898', 4, 5, 3, '2007-06-13', '20/Mar/2022'),
(193, 'Olayiwola Rashidat Feranmi', 'female', 'QSI/930752', 4, 5, 3, '2007-05-21', '20/Mar/2022'),
(194, 'Oleka Precious Mmesoma', 'female', 'QSI/888061', 4, 5, 3, '2008-10-12', '20/Mar/2022'),
(195, 'Oloyede Blessing Elizabeth', 'female', 'QSI/302672', 4, 5, 3, '2007-05-05', '20/Mar/2022'),
(196, 'Oluwaseun Esther Odunayo', 'female', 'QSI/64677', 4, 5, 3, '2008-12-02', '20/Mar/2022'),
(197, 'Oni Elizabeth Iyanuoluwa', 'female', 'QSI/186651', 4, 5, 3, '2009-06-03', '20/Mar/2022'),
(198, 'Onifade Adesola Fatimah', 'female', 'QSI/212271', 4, 5, 3, '2009-03-31', '20/Mar/2022'),
(199, 'Oniyire Ifeoluwa Esther', 'female', 'QSI/260008', 4, 5, 3, '2005-10-17', '20/Mar/2022'),
(200, 'Oseni Barakat Oyindamola', 'female', 'QSI/834141', 4, 5, 3, '2007-03-11', '20/Mar/2022'),
(201, 'Oseni Shalom Dolapo', 'female', 'QSI/458683', 4, 5, 3, '2008-06-07', '20/Mar/2022'),
(202, 'Oyedemi Moyinoluwa Maria', 'female', 'QSI/307798', 4, 5, 3, '2008-03-21', '20/Mar/2022'),
(203, 'Rasaq Rukayat Olamide', 'female', 'QSI/869286', 4, 5, 3, '2008-04-08', '20/Mar/2022'),
(204, 'Salahudeen Munimah Aderinsola', 'female', 'QSI/42947', 4, 5, 3, '2008-05-24', '20/Mar/2022'),
(205, 'Seteolu Aishat Ajoke', 'female', 'QSI/57375', 4, 5, 3, '2008-04-13', '20/Mar/2022'),
(206, 'Shakirullahi Rodiat Adeola', 'female', 'QSI/376716', 4, 5, 3, '2007-11-11', '20/Mar/2022'),
(207, 'Shuaib Ikimot Oyinkansola', 'female', 'QSI/572034', 4, 5, 3, '2007-07-07', '20/Mar/2022'),
(208, 'Sunday Ayomide Oreoluwa', 'female', 'QSI/35814', 4, 5, 3, '2008-12-16', '20/Mar/2022'),
(209, 'Yohanna Rejoice Lauraba ', 'female', 'QSI/760739', 4, 5, 3, '2007-08-07', '20/Mar/2022'),
(210, 'Wahab Oluwatunmise Taofikat', 'female', 'QSI/513147', 4, 5, 3, '2007-09-05', '20/Mar/2022'),
(211, 'Yakeen Aishat Abolore', 'female', 'QSI/356757', 4, 5, 3, '2009-11-19', '20/Mar/2022'),
(212, 'Bankole Opeyemi Shalom', 'female', 'QSI/994756', 4, 5, 3, '2008-03-07', '20/Mar/2022'),
(213, 'Adesokan Temitope Barakat', 'female', 'QSI/414657', 4, 5, 3, '2008-05-07', '20/Mar/2022'),
(214, 'Popoola Marvellous ', 'female', 'QSI/219906', 4, 5, 3, '', '20/Mar/2022'),
(215, 'Jacob Marvellous Princess', 'female', 'QSI/953110', 4, 5, 3, '2006-12-20', '20/Mar/2022'),
(216, 'Abass Motunrayo Anuoluwapo', 'female', 'QSI/314216', 5, 2, 3, '2005-09-30', '21/Mar/2022'),
(217, 'Abdulhamid Fathia', 'female', 'QSI/443247', 5, 2, 3, '2008-02-28', '21/Mar/2022'),
(218, 'Abdullateef Asmau Folashade', 'female', 'QSI/660621', 5, 2, 3, '2005-11-14', '21/Mar/2022'),
(219, 'AbdulWahab Aisha', 'female', 'QSI/944795', 5, 2, 3, '2008-08-05', '21/Mar/2022'),
(220, 'Abimbola Omotolani', 'female', 'QSI/887782', 5, 2, 3, '2007-09-10', '21/Mar/2022'),
(221, 'Abonyi Precious Benedicta', 'female', 'QSI/148844', 5, 2, 3, '2006-06-29', '21/Mar/2022'),
(222, 'Adebayo Mary', 'female', 'QSI/388197', 5, 2, 3, '2004-12-15', '21/Mar/2022'),
(223, 'Adebiyi Darasimi Ewaoluwa', 'female', 'QSI/755', 5, 2, 3, '2008-08-30', '21/Mar/2022'),
(224, 'Adedeji Opemipo Moyinoluwa', 'female', 'QSI/367632', 5, 2, 3, '2006-08-24', '21/Mar/2022'),
(225, 'Adekoya Temiloluwa Rosemary', 'female', 'QSI/545378', 5, 2, 3, '2007-12-05', '21/Mar/2022'),
(226, 'Adelabu Mary', 'female', 'QSI/376053', 5, 2, 3, '0207-12-24', '21/Mar/2022'),
(227, 'Adeleke Adetayo Victoria', 'female', 'QSI/68085', 5, 2, 3, '2006-11-06', '21/Mar/2022'),
(228, 'Adeniyi Winner', 'female', 'QSI/901123', 5, 2, 3, '2007-10-24', '21/Mar/2022'),
(229, 'Adepoju Favour', 'female', 'QSI/832468', 5, 2, 3, '2006-09-04', '21/Mar/2022'),
(230, 'Afolabi Abigeal Oluwatobilola', 'female', 'QSI/921207', 5, 2, 3, '2007-09-13', '21/Mar/2022'),
(231, 'Alayande Omowunmi', 'female', 'QSI/533230', 5, 2, 3, '2007-01-08', '21/Mar/2022'),
(232, 'Aminu Aliyah Omotolani', 'female', 'QSI/714779', 5, 2, 3, '2006-09-22', '21/Mar/2022'),
(233, 'Amuda Kafilat Oluwafunmilayo', 'female', 'QSI/526945', 5, 2, 3, '2006-09-11', '21/Mar/2022'),
(234, 'Animasaun Sofiat', 'female', 'QSI/281416', 5, 2, 3, '2006-10-05', '21/Mar/2022'),
(235, 'Arowobusoye  Funmilayo', 'female', 'QSI/177711', 5, 2, 3, '2007-03-22', '21/Mar/2022'),
(236, 'Babaunde Jenifer Idunuoluwa', 'female', 'QSI/145276', 5, 2, 3, '2006-04-12', '21/Mar/2022'),
(237, 'Daniel Ada Deborah', 'female', 'QSI/781732', 5, 2, 3, '2006-05-06', '21/Mar/2022'),
(238, 'Dopamu Rokibat', 'female', 'QSI/84200', 5, 2, 3, '2007-01-10', '21/Mar/2022'),
(239, 'Fagbamila Mojurereoluwa', 'female', 'QSI/183773', 5, 2, 3, '2006-12-15', '21/Mar/2022'),
(240, 'George Agnes', 'female', 'QSI/754626', 5, 2, 3, '2006-05-24', '21/Mar/2022'),
(241, 'Hamzat Fathia Omoyetunde', 'female', 'QSI/320719', 5, 2, 3, '2007-03-23', '21/Mar/2022'),
(242, 'Ibrahim Olaide', 'female', 'QSI/942962', 5, 2, 3, '2007-02-18', '21/Mar/2022'),
(243, 'Idris Mozeedat Oluwanifemi', 'female', 'QSI/147069', 5, 2, 3, '2006-03-21', '21/Mar/2022'),
(244, 'Jayeola Damilola', 'female', 'QSI/186714', 5, 2, 3, '2005-10-18', '21/Mar/2022'),
(245, 'Johnson Semilore', 'female', 'QSI/726080', 5, 2, 3, '2007-09-23', '21/Mar/2022'),
(246, 'Jolaoso Aliyat Omowunmi', 'female', 'QSI/435019', 5, 2, 3, '2007-06-11', '21/Mar/2022'),
(247, 'Joseph Success', 'female', 'QSI/975969', 5, 2, 3, '2008-06-27', '21/Mar/2022'),
(248, 'Lawal Wuraola Zainab', 'female', 'QSI/681008', 5, 2, 3, '2007-01-28', '21/Mar/2022'),
(249, 'Mozie Mercy', 'female', 'QSI/438958', 5, 2, 3, '2007-07-10', '21/Mar/2022'),
(250, 'Muhammed Shifau', 'female', 'QSI/336398', 5, 2, 3, '2006-06-06', '21/Mar/2022'),
(251, 'Nathaniel Wuraola', 'female', 'QSI/894658', 5, 2, 3, '2009-03-01', '21/Mar/2022'),
(252, 'Nuokeji Praise ', 'female', 'QSI/229561', 5, 2, 3, '2006-07-15', '21/Mar/2022'),
(253, 'Obabiyi Neimah', 'female', 'QSI/175127', 5, 2, 3, '2006-12-19', '21/Mar/2022'),
(254, 'Obi Cynthia Chioma', 'female', 'QSI/991547', 5, 2, 3, '2006-06-06', '21/Mar/2022'),
(255, 'Odebiyi Naheemat Olamide', 'female', 'QSI/147274', 5, 2, 3, '2007-10-15', '21/Mar/2022'),
(256, 'Odubiyi Modinat', 'female', 'QSI/318621', 5, 2, 3, '2007-11-23', '21/Mar/2022'),
(257, 'Ogundare Bolatito Grace', 'female', 'QSI/824199', 5, 2, 3, '2007-04-28', '21/Mar/2022'),
(258, 'Ogunwemimo Anjola Precious', 'female', 'QSI/264216', 5, 2, 3, '2007-05-21', '21/Mar/2022'),
(259, 'Ojo Abisola Oluwabunmi', 'female', 'QSI/330154', 5, 2, 3, '2007-09-11', '21/Mar/2022'),
(260, 'Okoromadu Adama Oluchi', 'female', 'QSI/385867', 5, 2, 3, '2006-06-16', '21/Mar/2022'),
(261, 'Okunola Mary Oluwatosin', 'female', 'QSI/96037', 5, 2, 3, '2006-12-20', '21/Mar/2022'),
(262, 'Olajide Joy', 'female', 'QSI/167796', 5, 2, 3, '', '21/Mar/2022'),
(263, 'Olasupo Olamide Omowonuola', 'female', 'QSI/293127', 5, 2, 3, '2008-05-06', '21/Mar/2022'),
(264, 'Omitomo Feranmi Mary', 'female', 'QSI/576040', 5, 2, 3, '2007-10-11', '21/Mar/2022'),
(265, 'Omobola Winner', 'female', 'QSI/569171', 5, 2, 3, '2007-07-28', '21/Mar/2022'),
(266, 'Onaolapo Ayoola Racheal', 'female', 'QSI/173526', 5, 2, 3, '2008-01-08', '21/Mar/2022'),
(267, 'Onafuye Deborah', 'female', 'QSI/931481', 5, 2, 3, '2005-01-04', '21/Mar/2022'),
(268, 'Raji YusrahOlabisi', 'female', 'QSI/258201', 5, 2, 3, '2007-05-09', '21/Mar/2022'),
(269, 'Salami Darasimi Ayokunmi', 'female', 'QSI/626552', 5, 2, 3, '2008-04-28', '21/Mar/2022'),
(270, 'Salisu Asmau Husna', 'female', 'QSI/593661', 5, 2, 3, '2008-04-14', '21/Mar/2022'),
(271, 'Taiwo Mary Jomiloju', 'female', 'QSI/293634', 5, 2, 3, '2007-07-02', '21/Mar/2022'),
(272, 'Vincent Elizabeth Precious ', 'female', 'QSI/901211', 5, 2, 3, '2007-07-03', '21/Mar/2022'),
(273, 'Yunus Rodiat Odunayo', 'female', 'QSI/812615', 5, 2, 3, '2006-12-03', '21/Mar/2022'),
(274, 'Yusuff Haliya Oluwanifemi', 'female', 'QSI/814670', 5, 2, 3, '2008-10-02', '21/Mar/2022'),
(275, 'Yekini Funmilayo', 'female', 'QSI/606774', 5, 2, 3, '2005-12-28', '21/Mar/2022'),
(276, 'Abideen Toyibah Adewonuola', 'female', 'QSI/583888', 4, 1, 3, '2007-07-02', '21/Mar/2022'),
(277, 'Abiodun Mistura Ajoke', 'female', 'QSI/53544', 4, 1, 3, '2007-09-17', '21/Mar/2022'),
(278, 'Abolaji Zainab Olabisi', 'female', 'QSI/217372', 4, 1, 3, '2007-10-10', '21/Mar/2022'),
(279, 'Adedapo Semilore Esther ', 'female', 'QSI/685725', 4, 1, 3, '2006-04-08', '21/Mar/2022'),
(280, 'Adebayo Aliyah Abiodun', 'female', 'QSI/566948', 4, 1, 3, '2007-10-01', '21/Mar/2022'),
(281, 'Adedeji Ameerah Kofoworola', 'female', 'QSI/987079', 4, 1, 3, '2009-04-26', '21/Mar/2022'),
(282, 'Adediran Aishat Olaronke', 'female', 'QSI/668962', 4, 1, 3, '2009-01-07', '21/Mar/2022'),
(283, 'Adegbola Khadijah Amirah', 'female', 'QSI/229957', 4, 1, 3, '2008-07-17', '21/Mar/2022'),
(284, 'Adekunle Kabirat Omotoyosi ', 'female', 'QSI/886315', 4, 1, 3, '2006-12-08', '21/Mar/2022'),
(285, 'Adeneye Hassanat Adeshola', 'female', 'QSI/987950', 4, 1, 3, '2008-05-22', '21/Mar/2022'),
(286, 'Adeoye Aduragbemi Rebbeca', 'female', 'QSI/308252', 4, 1, 3, '2007-09-10', '21/Mar/2022'),
(287, 'Afolabi Marvellous Olayinka', 'female', 'QSI/529709', 4, 1, 3, '', '21/Mar/2022'),
(288, 'Ajayi Esther Mercy', 'female', 'QSI/665656', 4, 1, 3, '', '21/Mar/2022'),
(289, 'Akinbolude Veronica Funmilayo', 'female', 'QSI/215415', 4, 1, 3, '2007-09-19', '21/Mar/2022'),
(290, 'Alao Ayatulahi Olajumoke', 'female', 'QSI/442027', 4, 1, 3, '2009-04-29', '21/Mar/2022'),
(291, 'Ali Zulaikha Feyisayo', 'female', 'QSI/206268', 4, 1, 3, '2008-11-27', '21/Mar/2022'),
(292, 'Atoyebi Blessing Adelokiki', 'female', 'QSI/722613', 4, 1, 3, '2007-12-27', '21/Mar/2022'),
(293, 'Audu Boluwatife Grace', 'female', 'QSI/752935', 4, 1, 3, '2007-03-22', '21/Mar/2022'),
(294, 'Ayinla Pamilerin Damilola', 'female', 'QSI/959828', 4, 1, 3, '2008-09-02', '21/Mar/2022'),
(295, 'Ayodeji Pelumi Peace', 'female', 'QSI/213977', 4, 1, 3, '2007-08-19', '21/Mar/2022'),
(296, 'Awotuyi Beatrice Abimbola', 'female', 'QSI/882133', 4, 1, 3, '2010-08-27', '21/Mar/2022'),
(297, 'Babatunde Hikimat Funmilayo', 'female', 'QSI/754255', 4, 1, 3, '2008-10-11', '21/Mar/2022'),
(298, 'Badamosi Barakat Bolatito', 'female', 'QSI/634871', 4, 1, 3, '2008-11-08', '21/Mar/2022'),
(299, 'Badmus Oyindamola Aishat', 'female', 'QSI/602366', 4, 1, 3, '2008-09-27', '21/Mar/2022'),
(300, 'Bakare Faizat Omowunmi', 'female', 'QSI/182073', 4, 1, 3, '2007-05-18', '21/Mar/2022'),
(301, 'Busari Dunsin Tomiwa', 'female', 'QSI/430089', 4, 1, 3, '2005-11-28', '21/Mar/2022'),
(302, 'Dacosta Deborah Iyanuoluwa', 'female', 'QSI/8629', 4, 1, 3, '2008-04-06', '21/Mar/2022'),
(303, 'Durowoju Christianah Eniola', 'female', 'QSI/79518', 4, 1, 3, '2008-07-06', '21/Mar/2022'),
(304, 'Duyilemi Oluwanifemi Oluwasemilore', 'female', 'QSI/212824', 4, 1, 3, '2009-10-16', '21/Mar/2022'),
(305, 'Fadugba Olaomoju Hamidah', 'female', 'QSI/252449', 4, 1, 3, '2008-03-28', '21/Mar/2022'),
(306, 'Folaranmi Saidat Opeyemi', 'female', 'QSI/196645', 4, 1, 3, '2007-07-07', '21/Mar/2022'),
(307, 'Ilesanmi Eniola Ibukunoluwa', 'female', 'QSI/318948', 4, 1, 3, '2007-08-23', '21/Mar/2022'),
(308, 'Jimoh Zainab Omotolani', 'female', 'QSI/295334', 4, 1, 3, '2007-12-30', '21/Mar/2022'),
(309, 'Kilani Aishat Damilola', 'female', 'QSI/231550', 4, 1, 3, '2006-12-15', '21/Mar/2022'),
(310, 'Lukman Kareemat Ayomide', 'female', 'QSI/59407', 4, 1, 3, '2007-03-11', '21/Mar/2022'),
(311, 'Maruf  Maryam Atoke', 'female', 'QSI/357705', 4, 1, 3, '2008-05-30', '21/Mar/2022'),
(312, 'Mikhail Ajarah Romoke ', 'female', 'QSI/159338', 4, 1, 3, '2008-08-01', '21/Mar/2022'),
(313, 'Odebiyi Zeenat Ibidun', 'female', 'QSI/594537', 4, 1, 3, '2008-05-11', '21/Mar/2022'),
(314, 'Oduola Alimat Olanike', 'female', 'QSI/735717', 4, 1, 3, '2008-05-06', '21/Mar/2022'),
(315, 'Odularu Hannah Motunrayo', 'female', 'QSI/367693', 4, 1, 3, '2007-04-28', '21/Mar/2022'),
(316, 'Ogundepo Elizabeth Funmilayo ', 'female', 'QSI/383663', 4, 1, 3, '2007-12-09', '21/Mar/2022'),
(317, 'Ogunlade Mary Ibukunoluwa', 'female', 'QSI/592584', 4, 1, 3, '2008-11-20', '21/Mar/2022'),
(318, 'Ojeniran Ifeoluwa Dorcas', 'female', 'QSI/58254', 4, 1, 3, '2009-05-08', '21/Mar/2022'),
(319, 'Ojo Ruth Anjola', 'female', 'QSI/162993', 4, 1, 3, '2007-01-22', '21/Mar/2022'),
(320, 'Oke-Lawal Morountojufoluwa', 'female', 'QSI/760506', 4, 1, 3, '2008-09-18', '21/Mar/2022'),
(321, 'Okereke Amarachi Comfort', 'female', 'QSI/920821', 4, 1, 3, '2008-05-16', '21/Mar/2022'),
(322, 'Okunade Oluwakemi Ifeoluwa', 'female', 'QSI/257843', 4, 1, 3, '2008-08-09', '21/Mar/2022'),
(323, 'Oladimeji Temitayo Esther', 'female', 'QSI/477928', 4, 1, 3, '', '21/Mar/2022'),
(324, 'Oladipo Esther Favour', 'female', 'QSI/35661', 4, 1, 3, '2008-09-14', '21/Mar/2022'),
(325, 'Oladiti Sumayah Bolanle', 'female', 'QSI/308177', 4, 1, 3, '2006-03-23', '21/Mar/2022'),
(326, 'Oladoyin Morufat Opeyemi', 'female', 'QSI/809956', 4, 1, 3, '2005-05-04', '21/Mar/2022'),
(327, 'Oladunmoye Abosede Dorcas', 'female', 'QSI/246188', 4, 1, 3, '2008-06-01', '21/Mar/2022'),
(328, 'Olaniyi Basirat Titilayo ', 'female', 'QSI/845451', 4, 1, 3, '2007-11-12', '21/Mar/2022'),
(329, 'Olojede Aminat Adedoyin', 'female', 'QSI/453826', 4, 1, 3, '2008-11-24', '21/Mar/2022'),
(330, 'Oloyede Ifeoluwa Morufat', 'female', 'QSI/325574', 4, 1, 3, '2008-06-03', '21/Mar/2022'),
(331, 'Oluwatosin Ebunlomo Racheal', 'female', 'QSI/972650', 4, 1, 3, '2008-02-13', '21/Mar/2022'),
(332, 'Oluwole Precious Funke', 'female', 'QSI/660752', 4, 1, 3, '2008-03-31', '21/Mar/2022'),
(333, 'Oyebanji Ifeoluwa', 'female', 'QSI/286138', 4, 1, 3, '2005-04-24', '21/Mar/2022'),
(334, 'Oluyomi Praise Abisola', 'female', 'QSI/486665', 4, 1, 3, '2006-02-19', '21/Mar/2022'),
(335, 'omoniyi Oluwaferanmi Elizabeth', 'female', 'QSI/562638', 4, 1, 3, '2008-02-22', '21/Mar/2022'),
(336, 'Onaji Divine Ene', 'female', 'QSI/537148', 4, 1, 3, '2007-04-19', '21/Mar/2022'),
(337, 'Otele Happiness', 'female', 'QSI/442562', 4, 1, 3, '2008-07-27', '21/Mar/2022'),
(338, 'Otukoya Precious Adeola', 'female', 'QSI/650323', 4, 1, 3, '2008-05-26', '21/Mar/2022'),
(339, 'Oyebola Azeezat Jumoke', 'female', 'QSI/307336', 4, 1, 3, '2007-04-29', '21/Mar/2022'),
(340, 'Quadri Anat Ayomoposi', 'female', 'QSI/499802', 4, 1, 3, '2008-02-03', '21/Mar/2022'),
(341, 'Raji Hikmah  Oyinkansola', 'female', 'QSI/552330', 4, 1, 3, '2008-02-03', '21/Mar/2022'),
(342, 'Sanni Rahmatallah Omotoyosi', 'female', 'QSI/712920', 4, 1, 3, '2007-10-25', '21/Mar/2022'),
(343, 'Sanusi Oluwadamillola Faidat', 'female', 'QSI/198902', 4, 1, 3, '', '21/Mar/2022'),
(344, 'Shittu Khadijah Oluwasemilore', 'female', 'QSI/94956', 4, 1, 3, '2009-10-28', '21/Mar/2022'),
(345, 'Thomas Ayomide Aduragbemi', 'female', 'QSI/234254', 4, 1, 3, '2008-03-06', '21/Mar/2022'),
(346, 'Thomas Favour Aduragbemi', 'female', 'QSI/361373', 4, 1, 3, '2008-10-22', '21/Mar/2022'),
(347, 'Uthman Hikmat Damilola', 'female', 'QSI/47124', 4, 1, 3, '2009-05-17', '21/Mar/2022'),
(348, 'Yisa Ameerah Anjola', 'female', 'QSI/536792', 4, 1, 3, '2009-07-03', '21/Mar/2022'),
(349, 'Yusuf Fathia Morenikeji', 'female', 'QSI/907294', 4, 1, 3, '2008-07-28', '21/Mar/2022'),
(350, 'Abatan Racheal Temiloluwa', 'female', 'QSI/692403', 4, 2, 3, '2007-04-15', '21/Mar/2022'),
(351, 'Abdulrahman Sumaya Ajoke', 'female', 'QSI/545523', 4, 2, 3, '2004-08-16', '21/Mar/2022'),
(352, 'Abodunrin Esther Oluwasemilore', 'female', 'QSI/442726', 4, 2, 3, '2010-03-19', '21/Mar/2022'),
(353, 'Adegbite Moyinoluwa  Esther', 'female', 'QSI/755380', 4, 2, 3, '2008-08-18', '21/Mar/2022'),
(354, 'Adegoke Ikimat Bolatumi', 'female', 'QSI/282806', 4, 2, 3, '2007-09-29', '21/Mar/2022'),
(355, 'Adedeji Goodness Oluwadarasimi', 'female', 'QSI/639970', 4, 2, 3, '2007-08-18', '21/Mar/2022'),
(356, 'Adeyemi Esther Anjolaoluwa ', 'female', 'QSI/212079', 4, 2, 3, '2008-05-06', '21/Mar/2022'),
(357, 'Adeyemi Omokunmi Oyindamola', 'female', 'QSI/619772', 4, 2, 3, '2009-02-05', '21/Mar/2022'),
(358, 'Adeyemi Oluwatoyin Deborah', 'female', 'QSI/817019', 4, 2, 3, '2007-10-13', '21/Mar/2022'),
(359, 'Adeyemi Ademide Taiwo', 'female', 'QSI/34534', 4, 2, 3, '2007-05-26', '21/Mar/2022'),
(360, 'Aderoju Esther Oluwatimileyin', 'female', 'QSI/926375', 4, 2, 3, '2008-09-24', '21/Mar/2022'),
(361, 'Adeniyi Demilade Joy', 'female', 'QSI/255486', 4, 2, 3, '2008-08-14', '21/Mar/2022'),
(362, 'Adeyemo Testimony Oluwabukunmi', 'female', 'QSI/461115', 4, 2, 3, '2007-10-30', '21/Mar/2022'),
(363, 'Adepoju Aduragbemi Taiwo', 'female', 'QSI/643352', 4, 2, 3, '2008-04-24', '21/Mar/2022'),
(364, 'Adigun Ruqqoyat Adeoti', 'female', 'QSI/122457', 4, 2, 3, '2008-01-06', '21/Mar/2022'),
(365, 'Afenifere Roheemat Anuoluwapo', 'female', 'QSI/224074', 4, 2, 3, '2007-07-05', '21/Mar/2022'),
(366, 'Ajadi Iretomiwa Shalom', 'female', 'QSI/31189', 4, 2, 3, '2008-05-16', '21/Mar/2022'),
(367, 'Ajinomoh Daniella Ayomide', 'female', 'QSI/264042', 4, 2, 3, '2008-09-02', '21/Mar/2022'),
(368, 'Akande Oluwaseun Yetunde ', 'female', 'QSI/412617', 4, 2, 3, '2008-11-10', '21/Mar/2022'),
(369, 'Akiibinu Favour Oluwanifemi', 'female', 'QSI/23220', 4, 2, 3, '2007-03-14', '21/Mar/2022'),
(370, 'Akintayo Kehinde Husseinah', 'female', 'QSI/122153', 4, 2, 3, '2008-04-17', '21/Mar/2022'),
(371, 'Akintoye Damilola Elizabeth', 'female', 'QSI/386715', 4, 2, 3, '2006-04-25', '21/Mar/2022'),
(372, 'Alabi Damilola Deborah ', 'female', 'QSI/787557', 4, 2, 3, '2008-10-20', '21/Mar/2022'),
(373, 'Alabi Opeyemi Sukurah', 'female', 'QSI/136894', 4, 2, 3, '2007-02-02', '21/Mar/2022'),
(374, 'Alake Oluwabukunmi Precious', 'female', 'QSI/94183', 4, 2, 3, '2008-09-29', '21/Mar/2022'),
(375, 'Ayegbeso  Mosebolatan Hephzibah', 'female', 'QSI/383237', 4, 2, 3, '2008-08-03', '21/Mar/2022'),
(376, 'Balogun Alimot Oluwafunmilayo', 'female', 'QSI/557744', 4, 2, 3, '2008-04-24', '21/Mar/2022'),
(377, 'Ganiyu Favour Anuoluwapo', 'female', 'QSI/320057', 4, 2, 3, '2007-09-29', '21/Mar/2022'),
(378, 'Jacob Esther Mofiyinfunoluwa', 'female', 'QSI/259054', 4, 2, 3, '2008-10-06', '21/Mar/2022'),
(379, 'Kareem Oyindamola Bukola', 'female', 'QSI/616346', 4, 2, 3, '2004-08-16', '21/Mar/2022'),
(380, 'Kolade Oyindamola Mary', 'female', 'QSI/567471', 4, 2, 3, '2007-06-24', '21/Mar/2022'),
(381, 'Kolawole Taiwo Esther', 'female', 'QSI/729237', 4, 2, 3, '2008-04-04', '21/Mar/2022'),
(382, 'Mimiko Jesutofunmi Wuraola', 'female', 'QSI/986546', 4, 2, 3, '2008-06-07', '21/Mar/2022'),
(383, 'Obadimeji  Esther Oluwatosin', 'female', 'QSI/549410', 4, 2, 3, '2008-02-08', '21/Mar/2022'),
(384, 'Obagunwa Deborah Ayomide ', 'female', 'QSI/588600', 4, 2, 3, '2008-07-18', '21/Mar/2022'),
(385, 'Oladele Racheal Favour', 'female', 'QSI/585438', 4, 2, 3, '2008-04-07', '21/Mar/2022'),
(386, 'Oladehinde Zeenat Ajoke', 'female', 'QSI/884294', 4, 2, 3, '2007-10-23', '21/Mar/2022'),
(387, 'Oladimeji Aliyah Opeyemi', 'female', 'QSI/900269', 4, 2, 3, '2007-04-24', '21/Mar/2022'),
(388, 'Oladipupo Faridat Eniola', 'female', 'QSI/444030', 4, 2, 3, '2009-07-01', '21/Mar/2022'),
(389, 'Oladipupo Rodiat Opeyemi', 'female', 'QSI/174869', 4, 2, 3, '2008-01-19', '21/Mar/2022'),
(390, 'Oladiti Ikmot Ayomide ', 'female', 'QSI/326613', 4, 2, 3, '2006-12-30', '21/Mar/2022'),
(391, 'Olalere Rhoda Oluwapamilerin', 'female', 'QSI/103204', 4, 2, 3, '2008-09-10', '21/Mar/2022'),
(392, 'Olaleye Eunice Faithfulness', 'female', 'QSI/589112', 4, 2, 3, '20088-05-08', '21/Mar/2022'),
(393, 'Olaniyi Aderonke Rebecca', 'female', 'QSI/693981', 4, 2, 3, '2008-07-11', '21/Mar/2022'),
(394, 'Olayinka Jehovah-dunsin Oreoluwa', 'female', 'QSI/56743', 4, 2, 3, '2008-04-27', '21/Mar/2022'),
(395, 'Oluwafemi Aanuoluwapo Funmi', 'female', 'QSI/866394', 4, 2, 3, '2007-05-18', '21/Mar/2022'),
(396, 'Oluwanisola Dorcas Oluwafunmilayo', 'female', 'QSI/543935', 4, 2, 3, '2007-01-06', '21/Mar/2022'),
(397, 'Oludele Anuoluwapo Rhoda', 'female', 'QSI/421825', 4, 2, 3, '2007-12-23', '21/Mar/2022'),
(398, 'Oluwole Hannah Oluwapelumi', 'female', 'QSI/442860', 4, 2, 3, '2008-01-18', '21/Mar/2022'),
(399, 'Okupevi Ruth Mercy', 'female', 'QSI/127257', 4, 2, 3, '2008-06-06', '21/Mar/2022'),
(400, 'Ogunlade Nifemi Olaitan ', 'female', 'QSI/916180', 4, 2, 3, '2007-11-11', '21/Mar/2022'),
(401, 'Omolayo Kehinde Opemipo', 'female', 'QSI/239569', 4, 2, 3, '2007-10-23', '21/Mar/2022'),
(402, 'Omolola Joy Aduragbemi', 'female', 'QSI/560790', 4, 2, 3, '2008-02-20', '21/Mar/2022'),
(403, 'Owoade Ifeoluwa Faith', 'female', 'QSI/645342', 4, 2, 3, '2007-10-20', '21/Mar/2022'),
(404, 'Owopade Oreoluwa Elizabeth', 'female', 'QSI/706400', 4, 2, 3, '2005-10-21', '21/Mar/2022'),
(405, 'Osinaike Similoluwa Oluwatosin', 'female', 'QSI/568845', 4, 2, 3, '2007-02-22', '21/Mar/2022'),
(406, 'Otemade Omolola Morenikeji', 'female', 'QSI/933240', 4, 2, 3, '2008-04-06', '21/Mar/2022'),
(407, 'Oyebanji Folashade Nifemi ', 'female', 'QSI/520727', 4, 2, 3, '2008-01-25', '21/Mar/2022'),
(408, 'Oyenuga Praise Moyosore ', 'female', 'QSI/620296', 4, 2, 3, '2008-07-19', '21/Mar/2022'),
(409, 'Oyewole Aishat Olayemi', 'female', 'QSI/916500', 4, 2, 3, '2007-10-08', '21/Mar/2022'),
(410, 'Shittu Warizat Eniola', 'female', 'QSI/375935', 4, 2, 3, '2007-09-02', '21/Mar/2022'),
(411, 'Suleiman Afsat Omaye', 'female', 'QSI/534350', 4, 2, 3, '2007-06-23', '21/Mar/2022'),
(412, 'Tajudeen Kabirat Motunrayo', 'female', 'QSI/769491', 4, 2, 3, '2008-08-25', '21/Mar/2022'),
(413, 'Tejuoso Grace Opeyemi', 'female', 'QSI/374893', 4, 2, 3, '2008-04-03', '21/Mar/2022'),
(414, 'Tijani Yetunde Mujidat', 'female', 'QSI/128031', 4, 2, 3, '2006-12-03', '21/Mar/2022'),
(415, 'Tijani Boluwatife Rebecca', 'female', 'QSI/254639', 4, 2, 3, '2007-08-04', '21/Mar/2022'),
(416, 'Abdulrofee Roheemah Olaitan', 'female', 'QSI/127008', 4, 3, 3, '2008-11-30', '21/Mar/2022'),
(417, 'Abiodun Eniola Ibukun', 'female', 'QSI/314474', 4, 3, 3, '2007-01-06', '21/Mar/2022'),
(418, 'Adebajo Abisola Mary', 'female', 'QSI/295433', 4, 3, 3, '2008-03-10', '21/Mar/2022'),
(419, 'Adebusoye Precious Oluwaseun', 'female', 'QSI/552517', 4, 3, 3, '2008-11-03', '21/Mar/2022'),
(420, 'Adediran Aishat omobolanle', 'female', 'QSI/517395', 4, 3, 3, '2006-09-24', '21/Mar/2022'),
(421, 'Adeleke Yusoroh Adebisi', 'female', 'QSI/191036', 4, 3, 3, '2009-03-05', '21/Mar/2022'),
(422, 'Adegoke Aliyah ', 'female', 'QSI/107232', 4, 3, 3, '2008-05-22', '21/Mar/2022'),
(423, 'Adegboye Esther', 'female', 'QSI/614205', 4, 3, 3, '2007-06-08', '21/Mar/2022'),
(424, 'Adeniyi Victory Bose', 'female', 'QSI/472743', 4, 3, 3, '2008-12-14', '21/Mar/2022'),
(425, 'Adelusi Sikemi Oluwajomiloju', 'female', 'QSI/250687', 4, 3, 3, '2008-12-26', '21/Mar/2022'),
(426, 'Adeseun Beatrice Motunrayo', 'female', 'QSI/550670', 4, 3, 3, '2007-10-16', '21/Mar/2022'),
(427, 'Adekoya Convenant Rachael ', 'female', 'QSI/791762', 4, 3, 3, '2007-08-10', '21/Mar/2022'),
(428, 'Adeniran Favour Ayomiposi', 'female', 'QSI/495326', 4, 3, 3, '2008-07-08', '21/Mar/2022'),
(429, 'Adeshina Aishat Abiodun', 'female', 'QSI/235723', 4, 3, 3, '2008-03-24', '21/Mar/2022'),
(430, 'Adeyi Olamide Jesuferanmi', 'female', 'QSI/478153', 4, 3, 3, '2008-03-12', '21/Mar/2022'),
(431, 'Adewumi Adesola Oyinkansola ', 'female', 'QSI/907385', 4, 3, 3, '2008-03-30', '21/Mar/2022'),
(432, 'Agboola Oluwadarasimi Mary', 'female', 'QSI/660089', 4, 3, 3, '2007-03-04', '21/Mar/2022'),
(433, 'Agboola Grace Titilope', 'female', 'QSI/90610', 4, 3, 3, '2008-12-31', '21/Mar/2022'),
(434, 'Agbaje Dolapo Anthonia', 'female', 'QSI/39745', 4, 3, 3, '2009-08-17', '21/Mar/2022'),
(435, 'Afolabi Abigael Moyinoluwa', 'female', 'QSI/513951', 4, 3, 3, '2006-10-01', '21/Mar/2022'),
(436, 'Ajala Ajoke Omolara', 'female', 'QSI/727098', 4, 3, 3, '2008-02-14', '21/Mar/2022'),
(437, 'Ajeigbe Aanuoluwapo P', 'female', 'QSI/879846', 4, 3, 3, '2009-05-10', '21/Mar/2022'),
(438, 'Alamu Faidat Aduragbemi ', 'female', 'QSI/102142', 4, 3, 3, '2007-09-16', '21/Mar/2022'),
(439, 'Alao Bolaji Grace ', 'female', 'QSI/29402', 4, 3, 3, '2007-09-16', '21/Mar/2022'),
(440, 'Akindele Helen Mosunmola', 'female', 'QSI/44715', 4, 3, 3, '2009-08-08', '21/Mar/2022'),
(441, 'Akinrele Esther Oluwatoyin', 'female', 'QSI/457360', 4, 3, 3, '2007-06-15', '21/Mar/2022'),
(442, 'Arawomo Victoria Ayobolanle', 'female', 'QSI/159960', 4, 3, 3, '2006-07-04', '21/Mar/2022'),
(443, 'Aremu Faridah Teniola', 'female', 'QSI/739241', 4, 3, 3, '2008-07-19', '21/Mar/2022'),
(444, 'Aregbesola Esther Folashade', 'female', 'QSI/399845', 4, 3, 3, '2008-10-14', '21/Mar/2022'),
(445, 'Asonibare Ayotomi Damilola', 'female', 'QSI/716599', 4, 3, 3, '2008-05-21', '21/Mar/2022'),
(446, 'Attie Esther Bright', 'female', 'QSI/444322', 4, 3, 3, '2009-04-14', '21/Mar/2022'),
(447, 'Awelewa Boluwatife D', 'female', 'QSI/703899', 4, 3, 3, '2007-06-13', '21/Mar/2022'),
(448, 'Badmus Bisola Favour', 'female', 'QSI/82250', 4, 3, 3, '2007-07-03', '21/Mar/2022'),
(449, 'Bankole Oluwakemi Mary', 'female', 'QSI/488868', 4, 3, 3, '2007-08-06', '21/Mar/2022'),
(450, 'Bashiru Rokeebah', 'female', 'QSI/876111', 4, 3, 3, '2007-12-06', '21/Mar/2022'),
(451, 'Bamigboye Risqot Damilola', 'female', 'QSI/565336', 4, 3, 3, '2008-06-26', '21/Mar/2022'),
(452, 'Cole Deborah Ifeoluwa', 'female', 'QSI/667217', 4, 3, 3, '2006-06-17', '21/Mar/2022'),
(453, 'Enufo Taiwo Victoria', 'female', 'QSI/220889', 4, 3, 3, '2007-01-25', '21/Mar/2022'),
(454, 'Eniayewu Jolajesu Grace', 'female', 'QSI/888204', 4, 3, 3, '2007-07-07', '21/Mar/2022'),
(455, 'Fajuyigbe Fikemi Naomi', 'female', 'QSI/960562', 4, 3, 3, '2009-11-23', '21/Mar/2022'),
(456, 'Friday Ifeoluwa Gift', 'female', 'QSI/213748', 4, 3, 3, '2008-12-31', '21/Mar/2022'),
(457, 'Ganiyu Olaide Faith', 'female', 'QSI/194622', 4, 3, 3, '2007-07-15', '21/Mar/2022'),
(458, 'Idowu Pelumi T', 'female', 'QSI/319291', 4, 3, 3, '2007-08-26', '21/Mar/2022'),
(459, 'Isa Opeyemi Zainab', 'female', 'QSI/38661', 4, 3, 3, '2008-09-23', '21/Mar/2022'),
(460, 'Iyiola Fathia Ajoke', 'female', 'QSI/177073', 4, 3, 3, '2009-06-20', '21/Mar/2022'),
(461, 'James Faith Victoria', 'female', 'QSI/225504', 4, 3, 3, '2007-09-10', '21/Mar/2022'),
(462, 'Joshua Ayomiposi Grace', 'female', 'QSI/887008', 4, 3, 3, '2009-05-24', '21/Mar/2022'),
(463, 'Lateef Rashidat Morenikeji', 'female', 'QSI/940912', 4, 3, 3, '2006-09-14', '21/Mar/2022'),
(464, 'Moshood Rokibat Omolola', 'female', 'QSI/757678', 4, 3, 3, '2009-09-02', '22/Mar/2022'),
(465, 'Ndukwe Favour Onyinye', 'female', 'QSI/410696', 4, 3, 3, '2008-09-24', '22/Mar/2022'),
(466, 'Ogunmola Favour Aimanoshi', 'female', 'QSI/581044', 4, 3, 3, '2008-08-28', '22/Mar/2022'),
(467, 'Ogundare Pamilerin Itunu', 'female', 'QSI/876959', 4, 3, 3, '2008-09-03', '22/Mar/2022'),
(468, 'Ojedele Abigael Rebecca', 'female', 'QSI/432081', 4, 3, 3, '2009-04-19', '22/Mar/2022'),
(469, 'Ojo Sarah Temiloluwa', 'female', 'QSI/507456', 4, 3, 3, '2008-02-29', '22/Mar/2022'),
(470, 'Oladimeji Aishat Olaitan', 'female', 'QSI/932857', 4, 3, 3, '2008-05-14', '22/Mar/2022'),
(471, 'Olarenwaju Fatimoh  ', 'female', 'QSI/129036', 4, 3, 3, '2007-12-28', '22/Mar/2022'),
(472, 'Olayiwola Ameerah Opeyemi', 'female', 'QSI/461125', 4, 3, 3, '2008-05-21', '22/Mar/2022'),
(473, 'Oluwole Temilayo Ooreoluwa', 'female', 'QSI/208224', 4, 3, 3, '2009-02-26', '22/Mar/2022'),
(474, 'Omowumi Omolola Blessing', 'female', 'QSI/900064', 4, 3, 3, '2009-05-26', '22/Mar/2022'),
(475, 'Oyekunle Qowiyyah Adeola', 'female', 'QSI/988191', 4, 3, 3, '2008-11-17', '22/Mar/2022'),
(476, 'Oyewumi Imoleayo Olamide', 'female', 'QSI/607189', 4, 3, 3, '2009-01-28', '22/Mar/2022'),
(477, 'Raymond Grace Oyiza', 'female', 'QSI/644170', 4, 3, 3, '2007-10-29', '22/Mar/2022'),
(478, 'Shofoluwe Olajumoke Mary', 'female', 'QSI/294299', 4, 3, 3, '2006-06-09', '22/Mar/2022'),
(479, 'Salau Rodiat Olamide', 'female', 'QSI/482395', 4, 3, 3, '2007-07-06', '22/Mar/2022'),
(480, 'Sulaimon Zainab Oluwatosin', 'female', 'QSI/862264', 4, 3, 3, '2007-03-17', '22/Mar/2022'),
(481, 'Taoheed Hameedah Abike', 'female', 'QSI/37137', 4, 3, 3, '2007-08-15', '22/Mar/2022'),
(482, 'Tijani Aishat E', 'female', 'QSI/152514', 4, 3, 3, '2007-03-12', '22/Mar/2022'),
(483, 'Wasiu Quyumat Ayomide', 'female', 'QSI/435060', 4, 3, 3, '2007-02-16', '22/Mar/2022'),
(484, 'Idowu Racheal Omotayo', 'female', 'QSI/820586', 4, 3, 3, '2008-05-19', '22/Mar/2022'),
(485, 'Makinde Aanuoluwapo Mary', 'female', 'QSI/331236', 4, 2, 3, '2009-07-14', '28/Mar/2022'),
(486, 'Afolabi Temitope ', 'female', 'QSI/294436', 4, 6, 3, '2005-04-04', '28/Mar/2022'),
(487, 'Ogunjobi Blessing Okikiola', 'female', 'QSI/53290', 4, 5, 3, '2008-11-01', '28/Mar/2022'),
(488, 'Alabi Sofiyyah', 'female', 'QSI/155997', 4, 5, 3, '', '01/Apr/2022'),
(489, 'Adegbuyi Mariam', 'female', 'QSI/674674', 4, 6, 3, '', '01/Apr/2022');

-- --------------------------------------------------------

--
-- Table structure for table `users_visit`
--

CREATE TABLE `users_visit` (
  `id` int(10) NOT NULL,
  `username` varchar(255) NOT NULL,
  `address` varchar(255) NOT NULL,
  `times` int(10) NOT NULL,
  `status` int(10) NOT NULL DEFAULT 0,
  `date` varchar(255) NOT NULL
) ENGINE=InnoDB DEFAULT CHARSET=utf8mb4;

--
-- Dumping data for table `users_visit`
--

INSERT INTO `users_visit` (`id`, `username`, `address`, `times`, `status`, `date`) VALUES
(1, 'Toyeebah', '::1', 784, 0, '12:24 14/Jan/2022'),
(2, 'Abdullah', '::1', 136, 0, '12:41 25/Aug/2021'),
(3, 'Abdul', '::1', 36, 0, '11:40 18/May/2021'),
(6, 'AMMAR', '192.168.43.231', 46, 0, '11:08 16/Aug/2021'),
(12, 'Raadiah Abdulateef', '192.168.43.180', 55, 0, '12:38 25/Aug/2021'),
(13, 'shittu28', '192.168.43.195', 2, 0, '02:47 03/Mar/2021'),
(15, 'love mordear', '192.168.43.186', 211, 0, '04:22 29/Jul/2021'),
(16, 'Ismail Mubarak', '192.168.43.175', 78, 0, '04:17 29/Jul/2021'),
(17, 'Shittu13', '192.168.43.195', 42, 0, '03:05 28/Jun/2021'),
(19, 'Odebiyi ', '192.168.43.132', 73, 0, '03:54 29/Jul/2021'),
(25, 'beauty', '192.168.43.196', 79, 0, '03:10 11/Aug/2021'),
(31, 'Pelumi', '192.168.43.142', 97, 0, '02:08 11/Aug/2021'),
(33, 'al ameen', '192.168.43.251', 185, 0, '02:20 11/Aug/2021'),
(36, 'Abdulbasit', '192.168.43.216', 114, 0, '03:11 11/Aug/2021'),
(37, 'amir muhammed', '192.168.43.243', 42, 0, '04:26 29/Jul/2021'),
(38, 'olamide', '192.168.43.237', 45, 0, '06:05 18/Apr/2022'),
(39, 'ayomide', '192.168.43.234', 69, 0, '04:26 29/Jul/2021'),
(41, 'Zts', '192.168.43.146', 71, 0, '02:30 11/Aug/2021'),
(42, 'Osultan', '192.168.43.170', 53, 0, '02:43 11/Aug/2021'),
(43, 'Muritala Abdulrahman', '192.168.43.253', 10, 0, '01:00 30/Mar/2021'),
(46, 'fawzy', '192.168.43.224', 85, 0, '03:14 11/Aug/2021'),
(47, 'idris abulkadir', '192.168.43.154', 74, 0, '03:18 11/Aug/2021'),
(48, 'Abdul quoyum', '192.168.43.252', 54, 0, '02:08 02/Aug/2021'),
(49, 'smahmud', '192.168.43.232', 2, 0, '03:11 03/Mar/2021'),
(50, 'mahmud', '192.168.43.232', 55, 0, '03:55 29/Jul/2021'),
(56, 'princess ', '192.168.43.176', 78, 0, '03:17 11/Aug/2021'),
(58, 'idris tahir', '192.168.43.108', 27, 0, '01:42 29/Mar/2021'),
(61, 'Phorlashade', '192.168.43.196', 47, 0, '09:55 02/Jul/2021'),
(62, 'otufoworafathia', '192.168.43.196', 2, 0, '01:35 09/Mar/2021'),
(63, 'fathia', '192.168.43.196', 27, 0, '12:35 08/Jun/2021'),
(64, 'Hikmah', '192.168.43.234', 106, 0, '01:14 24/Aug/2021'),
(65, 'Opeyemi', '192.168.43.237', 73, 0, '02:04 11/Aug/2021'),
(68, 'Zainab', '192.168.43.108', 2, 0, '01:45 09/Mar/2021'),
(69, 'Zainab idris', '192.168.43.108', 67, 0, '02:18 11/Aug/2021'),
(70, 'Kmabs', '192.168.43.181', 78, 0, '02:41 11/Aug/2021'),
(73, 'sumayya', '192.168.43.108', 81, 0, '02:41 11/Aug/2021'),
(75, 'khalid124', '192.168.43.142', 51, 0, '02:50 11/Aug/2021'),
(77, 'Asupoto Abdulsalam', '192.168.43.196', 4, 0, '11:53 12/Mar/2021'),
(78, 'Fateen abdul-jaleel', '192.168.43.154', 86, 0, '04:32 29/Jul/2021'),
(79, 'Akinbode ibrahim', '192.168.43.170', 17, 0, '08:22 15/Aug/2021'),
(86, 'maryam', '192.168.43.127', 52, 0, '02:41 11/Aug/2021'),
(90, 'meerah', '192.168.43.127', 44, 0, '02:59 12/Aug/2021'),
(98, 'ishola', '192.168.43.251', 3, 0, '01:34 18/Mar/2021'),
(99, 'ola', '192.168.43.251', 45, 0, '09:28 02/Jul/2021'),
(100, 'olapel1305', '192.168.43.169', 32, 0, '12:34 08/Jun/2021'),
(122, 'Player 1', '192.168.43.187', 78, 0, '02:42 11/Aug/2021'),
(128, 'orochimaru', '192.168.43.215', 71, 0, '03:58 29/Jul/2021'),
(140, 'mukadas', '192.168.43.243', 64, 0, '12:41 25/Aug/2021'),
(141, 'FATIMAH', '192.168.43.155', 3, 0, '01:43 29/Mar/2021'),
(142, 'Nabeelah', '192.168.43.196', 53, 0, '12:13 02/Aug/2021'),
(143, 'idiat', '192.168.43.237', 27, 0, '04:25 29/Jul/2021'),
(144, 'faisat', '192.168.43.186', 22, 0, '09:48 02/Jul/2021'),
(145, 'Aromasodu', '192.168.43.169', 26, 0, '02:43 11/Aug/2021'),
(146, 'tahir', '192.168.43.232', 66, 0, '08:30 11/Aug/2021'),
(147, 'ABDULKADIR FATIMAH', '192.168.43.155', 47, 0, '04:02 29/Jul/2021'),
(148, 'abdullatEeF OgUnbERu', '192.168.43.224', 45, 0, '04:26 29/Jul/2021'),
(149, 'ayomide7', '192.168.43.251', 17, 0, '11:38 18/May/2021'),
(150, 'Amuritala', '192.168.43.253', 8, 0, '04:18 30/Mar/2021'),
(151, 'Ridwan1', '192.168.43.177', 2, 0, '01:03 30/Mar/2021'),
(152, ' I.Usman', '192.168.43.177', 28, 0, '04:19 30/Mar/2021'),
(153, 'habdullah imran', '192.168.43.142', 24, 0, '03:20 28/Jun/2021'),
(154, 'Tawakalt Abdulfatai', '192.168.43.175', 4, 0, '02:37 30/Mar/2021'),
(155, 'Abdulfatai tawakalt', '192.168.43.175', 36, 0, '04:16 30/Mar/2021'),
(156, 'ABDULRAHMAN MURITALA', '192.168.43.253', 33, 0, '03:58 29/Jul/2021'),
(157, 'Abdulmateen', '192.168.43.154', 54, 0, '02:13 11/Aug/2021'),
(158, 'adurrazaq abdul malik', '192.168.43.248', 7, 0, '03:15 31/Mar/2021'),
(159, 'Aromasodu Quamdeen', '192.168.43.186', 5, 0, '01:01 31/Mar/2021'),
(160, 'hogunberu', '192.168.43.132', 70, 0, '02:32 11/Aug/2021'),
(161, 'abdul ganiy sodiq', '192.168.43.177', 29, 0, '02:52 11/Aug/2021'),
(162, '✌sultan✌f', '192.168.43.170', 2, 0, '01:01 31/Mar/2021'),
(163, 'sultan', '192.168.43.170', 43, 0, '02:50 11/Aug/2021'),
(164, 'AROMASODU.QUAMDEEN', '192.168.43.186', 55, 0, '02:52 11/Aug/2021'),
(165, 'Nosirudeen Aromasodu', '192.168.43.167', 44, 0, '02:56 11/Aug/2021'),
(166, 'abdulmalik abdulrazak', '192.168.43.248', 30, 0, '02:50 11/Aug/2021'),
(167, '105 OR 1=1', '::1', 6, 0, '03:56 06/May/2021'),
(168, 'usman', '192.168.43.23', 34, 0, '03:55 29/Jul/2021'),
(169, 'muqodas', '192.168.43.212', 10, 0, '12:41 25/Aug/2021'),
(170, 'Adewolu', '::1', 7, 1, '01:47 17/Jun/2022'),
(171, 'Adewoluoba', '::1', 192, 0, '02:16 15/May/2022'),
(172, 'Archimedes ', '::1', 34, 1, '10:14 15/Jun/2022'),
(173, 'temmy', '::1', 1, 0, '02:55 15/May/2022'),
(174, 'Mary', '::1', 62, 1, '09:19 02/Jun/2022'),
(175, 'Ak', '::1', 116, 1, '10:20 17/Jun/2022'),
(176, 'Abello', '::1', 2, 0, '03:53 22/May/2022');

-- --------------------------------------------------------

--
-- Table structure for table `visitors`
--

CREATE TABLE `visitors` (
  `id` int(10) NOT NULL,
  `date` varchar(255) NOT NULL,
  `times` int(11) NOT NULL
) ENGINE=InnoDB DEFAULT CHARSET=utf8mb4;

--
-- Dumping data for table `visitors`
--

INSERT INTO `visitors` (`id`, `date`, `times`) VALUES
(1, '27/Feb/2021', 21),
(2, '28/Feb/2021', 173),
(3, '01/Mar/2021', 15),
(4, '02/Mar/2021', 12),
(5, '03/Mar/2021', 295),
(6, '04/Mar/2021', 185),
(7, '05/Mar/2021', 2),
(8, '08/Mar/2021', 43),
(9, '09/Mar/2021', 325),
(10, '11/Mar/2021', 52),
(11, '11/Mar/2021', 52),
(12, '12/Mar/2021', 155),
(13, '18/Mar/2021', 65),
(14, '19/Mar/2021', 133),
(15, '20/Mar/2021', 71),
(16, '21/Mar/2021', 8),
(17, '22/Mar/2021', 37),
(18, '23/Mar/2021', 1),
(19, '24/Mar/2021', 36),
(20, '25/Mar/2021', 151),
(21, '27/Mar/2021', 6),
(22, '29/Mar/2021', 439),
(23, '30/Mar/2021', 393),
(24, '31/Mar/2021', 481),
(25, '01/Apr/2021', 8),
(26, '05/Apr/2021', 5),
(27, '08/Apr/2021', 10),
(28, '09/Apr/2021', 3),
(29, '22/Apr/2021', 18),
(30, '24/Apr/2021', 78),
(31, '25/Apr/2021', 1),
(32, '26/Apr/2021', 9),
(33, '27/Apr/2021', 1),
(34, '30/Apr/2021', 40),
(35, '01/May/2021', 13),
(36, '02/May/2021', 3),
(37, '03/May/2021', 32),
(38, '04/May/2021', 1),
(39, '06/May/2021', 29),
(40, '09/May/2021', 5),
(41, '17/May/2021', 300),
(42, '18/May/2021', 134),
(43, '20/May/2021', 16),
(44, '21/May/2021', 37),
(45, '23/May/2021', 1),
(46, '24/May/2021', 72),
(47, '25/May/2021', 14),
(48, '26/May/2021', 6),
(49, '27/May/2021', 2),
(50, '31/May/2021', 57),
(51, '01/Jun/2021', 4),
(52, '03/Jun/2021', 23),
(53, '07/Jun/2021', 35),
(54, '08/Jun/2021', 78),
(55, '10/Jun/2021', 25),
(56, '11/Jun/2021', 3),
(57, '12/Jun/2021', 11),
(58, '13/Jun/2021', 9),
(59, '16/Jun/2021', 5),
(60, '18/Jun/2021', 83),
(61, '21/Jun/2021', 59),
(62, '21/Jun/2021', 59),
(63, '22/Jun/2021', 76),
(64, '24/Jun/2021', 114),
(65, '28/Jun/2021', 48),
(66, '29/Jun/2021', 13),
(67, '30/Jun/2021', 12),
(68, '01/Jul/2021', 8),
(69, '02/Jul/2021', 298),
(70, '02/Jul/2021', 298),
(71, '02/Jul/2021', 298),
(72, '02/Jul/2021', 298),
(73, '02/Jul/2021', 298),
(74, '03/Jul/2021', 1),
(75, '25/Jul/2021', 1),
(76, '26/Jul/2021', 156),
(77, '27/Jul/2021', 2),
(78, '28/Jul/2021', 52),
(79, '29/Jul/2021', 372),
(80, '01/Aug/2021', 10),
(81, '02/Aug/2021', 172),
(82, '03/Aug/2021', 1),
(83, '04/Aug/2021', 1),
(84, '05/Aug/2021', 3),
(85, '08/Aug/2021', 1),
(86, '09/Aug/2021', 20),
(87, '10/Aug/2021', 11),
(88, '11/Aug/2021', 484),
(89, '12/Aug/2021', 24),
(90, '15/Aug/2021', 1),
(91, '16/Aug/2021', 41),
(92, '17/Aug/2021', 2),
(93, '24/Aug/2021', 6),
(94, '25/Aug/2021', 18),
(95, '26/Aug/2021', 1),
(96, '27/Aug/2021', 1),
(97, '30/Aug/2021', 1),
(98, '02/Sep/2021', 2),
(99, '03/Sep/2021', 5),
(100, '04/Sep/2021', 3),
(101, '05/Sep/2021', 1),
(102, '09/Sep/2021', 3),
(103, '11/Sep/2021', 1),
(104, '13/Sep/2021', 1),
(105, '15/Sep/2021', 1),
(106, '27/Sep/2021', 8),
(107, '01/Oct/2021', 3),
(108, '04/Oct/2021', 2),
(109, '11/Oct/2021', 3),
(110, '22/Oct/2021', 1),
(111, '05/Nov/2021', 2),
(112, '11/Dec/2021', 1),
(113, '02/Jan/2022', 1),
(114, '14/Jan/2022', 7),
(115, '18/Apr/2022', 4),
(116, '20/Apr/2022', 1),
(117, '24/Apr/2022', 1),
(118, '01/May/2022', 129),
(119, '02/May/2022', 19),
(120, '03/May/2022', 40),
(121, '04/May/2022', 5),
(122, '06/May/2022', 21),
(123, '07/May/2022', 17),
(124, '08/May/2022', 17),
(125, '10/May/2022', 2),
(126, '11/May/2022', 1),
(127, '12/May/2022', 6),
(128, '15/May/2022', 22),
(129, '18/May/2022', 60),
(130, '19/May/2022', 1),
(131, '20/May/2022', 77),
(132, '21/May/2022', 18),
(133, '22/May/2022', 17),
(134, '26/May/2022', 24),
(135, '28/May/2022', 2),
(136, '02/Jun/2022', 7),
(137, '08/Jun/2022', 2),
(138, '09/Jun/2022', 15),
(139, '13/Jun/2022', 1),
(140, '14/Jun/2022', 1),
(141, '15/Jun/2022', 2),
(142, '17/Jun/2022', 11);

-- --------------------------------------------------------

--
-- Table structure for table `weeks`
--

CREATE TABLE `weeks` (
  `id` int(11) NOT NULL,
  `week` varchar(255) NOT NULL
) ENGINE=InnoDB DEFAULT CHARSET=utf8mb4;

--
-- Dumping data for table `weeks`
--

INSERT INTO `weeks` (`id`, `week`) VALUES
(1, 'Week 1'),
(2, 'Week 2');

--
-- Indexes for dumped tables
--

--
-- Indexes for table `admin`
--
ALTER TABLE `admin`
  ADD PRIMARY KEY (`id`);

--
-- Indexes for table `arabic_class`
--
ALTER TABLE `arabic_class`
  ADD PRIMARY KEY (`id`);

--
-- Indexes for table `arabic_result`
--
ALTER TABLE `arabic_result`
  ADD PRIMARY KEY (`id`);

--
-- Indexes for table `arabic_subjects`
--
ALTER TABLE `arabic_subjects`
  ADD PRIMARY KEY (`id`);

--
-- Indexes for table `class`
--
ALTER TABLE `class`
  ADD PRIMARY KEY (`id`);

--
-- Indexes for table `materials`
--
ALTER TABLE `materials`
  ADD PRIMARY KEY (`id`);

--
-- Indexes for table `mid_term_results`
--
ALTER TABLE `mid_term_results`
  ADD PRIMARY KEY (`id`);

--
-- Indexes for table `parents`
--
ALTER TABLE `parents`
  ADD PRIMARY KEY (`id`);

--
-- Indexes for table `projects`
--
ALTER TABLE `projects`
  ADD PRIMARY KEY (`id`);

--
-- Indexes for table `register`
--
ALTER TABLE `register`
  ADD PRIMARY KEY (`id`);

--
-- Indexes for table `report`
--
ALTER TABLE `report`
  ADD PRIMARY KEY (`id`);

--
-- Indexes for table `scores`
--
ALTER TABLE `scores`
  ADD PRIMARY KEY (`id`);

--
-- Indexes for table `session`
--
ALTER TABLE `session`
  ADD PRIMARY KEY (`id`);

--
-- Indexes for table `students`
--
ALTER TABLE `students`
  ADD PRIMARY KEY (`id`);

--
-- Indexes for table `subjects`
--
ALTER TABLE `subjects`
  ADD PRIMARY KEY (`id`);

--
-- Indexes for table `submissions`
--
ALTER TABLE `submissions`
  ADD PRIMARY KEY (`id`);

--
-- Indexes for table `teachers`
--
ALTER TABLE `teachers`
  ADD PRIMARY KEY (`id`);

--
-- Indexes for table `term`
--
ALTER TABLE `term`
  ADD PRIMARY KEY (`id`);

--
-- Indexes for table `test`
--
ALTER TABLE `test`
  ADD PRIMARY KEY (`id`);

--
-- Indexes for table `user`
--
ALTER TABLE `user`
  ADD PRIMARY KEY (`id`);

--
-- Indexes for table `users`
--
ALTER TABLE `users`
  ADD PRIMARY KEY (`id`);

--
-- Indexes for table `users_visit`
--
ALTER TABLE `users_visit`
  ADD PRIMARY KEY (`id`);

--
-- Indexes for table `visitors`
--
ALTER TABLE `visitors`
  ADD PRIMARY KEY (`id`);

--
-- Indexes for table `weeks`
--
ALTER TABLE `weeks`
  ADD PRIMARY KEY (`id`);

--
-- AUTO_INCREMENT for dumped tables
--

--
-- AUTO_INCREMENT for table `admin`
--
ALTER TABLE `admin`
  MODIFY `id` int(10) NOT NULL AUTO_INCREMENT, AUTO_INCREMENT=3;

--
-- AUTO_INCREMENT for table `arabic_class`
--
ALTER TABLE `arabic_class`
  MODIFY `id` int(10) NOT NULL AUTO_INCREMENT, AUTO_INCREMENT=3;

--
-- AUTO_INCREMENT for table `arabic_result`
--
ALTER TABLE `arabic_result`
  MODIFY `id` int(11) NOT NULL AUTO_INCREMENT, AUTO_INCREMENT=19;

--
-- AUTO_INCREMENT for table `arabic_subjects`
--
ALTER TABLE `arabic_subjects`
  MODIFY `id` int(11) NOT NULL AUTO_INCREMENT, AUTO_INCREMENT=10;

--
-- AUTO_INCREMENT for table `class`
--
ALTER TABLE `class`
  MODIFY `id` int(10) NOT NULL AUTO_INCREMENT, AUTO_INCREMENT=12;

--
-- AUTO_INCREMENT for table `materials`
--
ALTER TABLE `materials`
  MODIFY `id` int(10) NOT NULL AUTO_INCREMENT, AUTO_INCREMENT=51;

--
-- AUTO_INCREMENT for table `mid_term_results`
--
ALTER TABLE `mid_term_results`
  MODIFY `id` int(11) NOT NULL AUTO_INCREMENT, AUTO_INCREMENT=157;

--
-- AUTO_INCREMENT for table `parents`
--
ALTER TABLE `parents`
  MODIFY `id` int(11) NOT NULL AUTO_INCREMENT, AUTO_INCREMENT=59;

--
-- AUTO_INCREMENT for table `projects`
--
ALTER TABLE `projects`
  MODIFY `id` int(10) NOT NULL AUTO_INCREMENT, AUTO_INCREMENT=15;

--
-- AUTO_INCREMENT for table `register`
--
ALTER TABLE `register`
  MODIFY `id` int(10) NOT NULL AUTO_INCREMENT, AUTO_INCREMENT=516;

--
-- AUTO_INCREMENT for table `report`
--
ALTER TABLE `report`
  MODIFY `id` int(10) NOT NULL AUTO_INCREMENT, AUTO_INCREMENT=285;

--
-- AUTO_INCREMENT for table `scores`
--
ALTER TABLE `scores`
  MODIFY `id` int(11) NOT NULL AUTO_INCREMENT, AUTO_INCREMENT=5006;

--
-- AUTO_INCREMENT for table `session`
--
ALTER TABLE `session`
  MODIFY `id` int(10) NOT NULL AUTO_INCREMENT, AUTO_INCREMENT=5;

--
-- AUTO_INCREMENT for table `students`
--
ALTER TABLE `students`
  MODIFY `id` int(10) NOT NULL AUTO_INCREMENT, AUTO_INCREMENT=517;

--
-- AUTO_INCREMENT for table `subjects`
--
ALTER TABLE `subjects`
  MODIFY `id` int(11) NOT NULL AUTO_INCREMENT, AUTO_INCREMENT=16;

--
-- AUTO_INCREMENT for table `submissions`
--
ALTER TABLE `submissions`
  MODIFY `id` int(10) NOT NULL AUTO_INCREMENT, AUTO_INCREMENT=262;

--
-- AUTO_INCREMENT for table `teachers`
--
ALTER TABLE `teachers`
  MODIFY `id` int(11) NOT NULL AUTO_INCREMENT, AUTO_INCREMENT=40;

--
-- AUTO_INCREMENT for table `term`
--
ALTER TABLE `term`
  MODIFY `id` int(10) NOT NULL AUTO_INCREMENT, AUTO_INCREMENT=6;

--
-- AUTO_INCREMENT for table `test`
--
ALTER TABLE `test`
  MODIFY `id` int(10) NOT NULL AUTO_INCREMENT, AUTO_INCREMENT=33;

--
-- AUTO_INCREMENT for table `user`
--
ALTER TABLE `user`
  MODIFY `id` int(10) NOT NULL AUTO_INCREMENT, AUTO_INCREMENT=490;

--
-- AUTO_INCREMENT for table `users`
--
ALTER TABLE `users`
  MODIFY `id` int(10) NOT NULL AUTO_INCREMENT, AUTO_INCREMENT=490;

--
-- AUTO_INCREMENT for table `users_visit`
--
ALTER TABLE `users_visit`
  MODIFY `id` int(10) NOT NULL AUTO_INCREMENT, AUTO_INCREMENT=177;

--
-- AUTO_INCREMENT for table `visitors`
--
ALTER TABLE `visitors`
  MODIFY `id` int(10) NOT NULL AUTO_INCREMENT, AUTO_INCREMENT=143;

--
-- AUTO_INCREMENT for table `weeks`
--
ALTER TABLE `weeks`
  MODIFY `id` int(11) NOT NULL AUTO_INCREMENT, AUTO_INCREMENT=3;
COMMIT;

/*!40101 SET CHARACTER_SET_CLIENT=@OLD_CHARACTER_SET_CLIENT */;
/*!40101 SET CHARACTER_SET_RESULTS=@OLD_CHARACTER_SET_RESULTS */;
/*!40101 SET COLLATION_CONNECTION=@OLD_COLLATION_CONNECTION */;
